#
# There is insufficient memory for the Java Runtime Environment to continue.
# Native memory allocation (malloc) failed to allocate 1893248 bytes for Chunk::new
# Possible reasons:
#   The system is out of physical RAM or swap space
#   The process is running with CompressedOops enabled, and the Java Heap may be blocking the growth of the native heap
# Possible solutions:
#   Reduce memory load on the system
#   Increase physical memory or swap space
#   Check if swap backing store is full
#   Decrease Java heap size (-Xmx/-Xms)
#   Decrease number of Java threads
#   Decrease Java thread stack sizes (-Xss)
#   Set larger code cache with -XX:ReservedCodeCacheSize=
#   JVM is running with Zero Based Compressed Oops mode in which the Java heap is
#     placed in the first 32GB address space. The Java Heap base address is the
#     maximum limit for the native heap growth. Please use -XX:HeapBaseMinAddress
#     to set the Java Heap base and to place the Java Heap above 32GB virtual address.
# This output file may be truncated or incomplete.
#
#  Out of Memory Error (arena.cpp:189), pid=11548, tid=18540
#
# JRE version: OpenJDK Runtime Environment (17.0.6) (build 17.0.6+0-b2043.56-10027231)
# Java VM: OpenJDK 64-Bit Server VM (17.0.6+0-b2043.56-10027231, mixed mode, tiered, compressed oops, compressed class ptrs, g1 gc, windows-amd64)
# No core dump will be written. Minidumps are not enabled by default on client versions of Windows
#

---------------  S U M M A R Y ------------

Command Line: --add-opens=java.base/java.lang=ALL-UNNAMED --add-opens=java.base/java.lang.invoke=ALL-UNNAMED --add-opens=java.base/java.util=ALL-UNNAMED --add-opens=java.prefs/java.util.prefs=ALL-UNNAMED --add-exports=jdk.compiler/com.sun.tools.javac.api=ALL-UNNAMED --add-exports=jdk.compiler/com.sun.tools.javac.util=ALL-UNNAMED --add-opens=java.base/java.util=ALL-UNNAMED --add-opens=java.prefs/java.util.prefs=ALL-UNNAMED --add-opens=java.base/java.nio.charset=ALL-UNNAMED --add-opens=java.base/java.net=ALL-UNNAMED --add-opens=java.base/java.util.concurrent.atomic=ALL-UNNAMED --add-opens=java.xml/javax.xml.namespace=ALL-UNNAMED -XX:MaxMetaspaceSize=4G -XX:ReservedCodeCacheSize=512m -XX:+HeapDumpOnOutOfMemoryError -Xmx8G -Dfile.encoding=windows-1252 -Duser.country=US -Duser.language=en -Duser.variant -javaagent:C:\Users\moham\.gradle\wrapper\dists\gradle-8.12-all\ejduaidbjup3bmmkhw3rie4zb\gradle-8.12\lib\agents\gradle-instrumentation-agent-8.12.jar org.gradle.launcher.daemon.bootstrap.GradleDaemon 8.12

Host: Intel(R) Core(TM) i7-6820HQ CPU @ 2.70GHz, 8 cores, 15G,  Windows 11 , 64 bit Build 22621 (10.0.22621.3958)
Time: Thu Jul 31 15:23:00 2025 Egypt Standard Time elapsed time: 10428.155950 seconds (0d 2h 53m 48s)

---------------  T H R E A D  ---------------

Current thread (0x000001e96eab66c0):  JavaThread "C2 CompilerThread1" daemon [_thread_in_native, id=18540, stack(0x0000001ffae00000,0x0000001ffaf00000)]


Current CompileTask:
C2:10428156 54411 %     4       org.gradle.api.internal.artifacts.ivyservice.resolveengine.graph.builder.DependencyGraphBuilder::maybeDownloadMetadataInParallel @ 11 (177 bytes)

Stack: [0x0000001ffae00000,0x0000001ffaf00000]
Native frames: (J=compiled Java code, j=interpreted, Vv=VM code, C=native code)
V  [jvm.dll+0x683c9a]
V  [jvm.dll+0x8427a4]
V  [jvm.dll+0x843f9e]
V  [jvm.dll+0x844603]
V  [jvm.dll+0x249b75]
V  [jvm.dll+0xabcac]
V  [jvm.dll+0xac27c]
V  [jvm.dll+0x368857]
V  [jvm.dll+0x332f31]
V  [jvm.dll+0x3323da]
V  [jvm.dll+0x21c201]
V  [jvm.dll+0x21b621]
V  [jvm.dll+0x1a4fdd]
V  [jvm.dll+0x22b098]
V  [jvm.dll+0x229159]
V  [jvm.dll+0x7f81ec]
V  [jvm.dll+0x7f274a]
V  [jvm.dll+0x682ad5]
C  [ucrtbase.dll+0x29333]
C  [KERNEL32.DLL+0x1257d]
C  [ntdll.dll+0x5af08]


---------------  P R O C E S S  ---------------

Threads class SMR info:
_java_thread_list=0x000001e9781ddee0, length=171, elements={
0x000001e92a985750, 0x000001e96158e8b0, 0x000001e964849540, 0x000001e964895900,
0x000001e9648983c0, 0x000001e964898d70, 0x000001e964899720, 0x000001e9648af410,
0x000001e9648b7d20, 0x000001e9648b8b20, 0x000001e96155d900, 0x000001e964b32610,
0x000001e966f338e0, 0x000001e967422250, 0x000001e9672b0c80, 0x000001e965948570,
0x000001e9659463c0, 0x000001e9659480a0, 0x000001e96a225b20, 0x000001e96a227cd0,
0x000001e96a225180, 0x000001e969790b60, 0x000001e96a7de110, 0x000001e96a7dc900,
0x000001e96a7def80, 0x000001e973a9b5c0, 0x000001e973a98a70, 0x000001e973a9ba90,
0x000001e973a99db0, 0x000001e973a97260, 0x000001e9746d7360, 0x000001e97d0d1130,
0x000001e97d0d2940, 0x000001e97d0d1600, 0x000001e973d44a40, 0x000001e973d46bf0,
0x000001e973d47a60, 0x000001e973d458b0, 0x000001e976523380, 0x000001e976523d20,
0x000001e976520d00, 0x000001e96eda8b80, 0x000001e96edafa30, 0x000001e973d44f10,
0x000001e973d453e0, 0x000001e973d440a0, 0x000001e973d45d80, 0x000001e973d46250,
0x000001e973d46720, 0x000001e973c27e40, 0x000001e973c274a0, 0x000001e973c29b20,
0x000001e973c29180, 0x000001e973c28310, 0x000001e973c287e0, 0x000001e976520360,
0x000001e976522eb0, 0x000001e96edaebc0, 0x000001e973c2a4c0, 0x000001e97d0d2470,
0x000001e976fc7610, 0x000001e976fc7ae0, 0x000001e976fc7fb0, 0x000001e97d2a2710,
0x000001e97d2a3a50, 0x000001e97d2a3580, 0x000001e97d2a0f00, 0x000001e973c443a0,
0x000001e973c473c0, 0x000001e973c47890, 0x000001e973c45210, 0x000001e973c46080,
0x000001e973c47d60, 0x000001e973c44870, 0x000001e97d2a2be0, 0x000001e97d2a30b0,
0x000001e97d2a3f20, 0x000001e97d2a2240, 0x000001e97d2a1d70, 0x000001e97d2a13d0,
0x000001e97d2a43f0, 0x000001e97d2a18a0, 0x000001e97d2a0a30, 0x000001e973c45bb0,
0x000001e96e01bbd0, 0x000001e96f3d4370, 0x000001e96f3d4840, 0x000001e96f3d4d10,
0x000001e973c29650, 0x000001e973c29ff0, 0x000001e973c2ae60, 0x000001e978b563b0,
0x000001e978b57bc0, 0x000001e978b55540, 0x000001e978b55070, 0x000001e973c46a20,
0x000001e9749b7d30, 0x000001e9749b6520, 0x000001e9749b8200, 0x000001e9749b86d0,
0x000001e9749b8ba0, 0x000001e9749b5b80, 0x000001e9749b9070, 0x000001e9749b6050,
0x000001e9749b69f0, 0x000001e9749b6ec0, 0x000001e974775910, 0x000001e974778460,
0x000001e974777ac0, 0x000001e96977ba80, 0x000001e978b56880, 0x000001e978b56d50,
0x000001e978b55a10, 0x000001e978b55ee0, 0x000001e978b57220, 0x000001e978b576f0,
0x000001e976522510, 0x000001e976f47f30, 0x000001e974da78c0, 0x000001e974da5be0,
0x000001e974da6580, 0x000001e974da8c00, 0x000001e974da73f0, 0x000001e974da7d90,
0x000001e974da60b0, 0x000001e974da6a50, 0x000001e97d0df0b0, 0x000001e978804c70,
0x000001e978806480, 0x000001e978805ae0, 0x000001e9788042d0, 0x000001e978802ac0,
0x000001e976f49c10, 0x000001e976f4a5b0, 0x000001e976f4aa80, 0x000001e976f470c0,
0x000001e976f48400, 0x000001e976f47590, 0x000001e976f48da0, 0x000001e976f47a60,
0x000001e9746d5b50, 0x000001e96edab6d0, 0x000001e97d043d40, 0x000001e97d045080,
0x000001e969778a60, 0x000001e96edaad30, 0x000001e9746d4340, 0x000001e974775de0,
0x000001e967b9b110, 0x000001e9747762b0, 0x000001e97d044210, 0x000001e978805140,
0x000001e96977b0e0, 0x000001e9744f06b0, 0x000001e9744f0b80, 0x000001e97d0446e0,
0x000001e96eda9520, 0x000001e9744f1050, 0x000001e9744f1520, 0x000001e9746d64f0,
0x000001e97d042a00, 0x000001e97d042ed0, 0x000001e97d0433a0, 0x000001e97d042530,
0x000001e97d043870, 0x000001e97d044bb0, 0x000001e97d045550, 0x000001e97d045a20,
0x000001e96eab66c0, 0x000001e96eab6bd0, 0x000001e96edae220
}

Java Threads: ( => current thread )
  0x000001e92a985750 JavaThread "main" [_thread_blocked, id=2248, stack(0x0000001fef500000,0x0000001fef600000)]
  0x000001e96158e8b0 JavaThread "Reference Handler" daemon [_thread_blocked, id=15216, stack(0x0000001fefc00000,0x0000001fefd00000)]
  0x000001e964849540 JavaThread "Finalizer" daemon [_thread_blocked, id=4272, stack(0x0000001fefd00000,0x0000001fefe00000)]
  0x000001e964895900 JavaThread "Signal Dispatcher" daemon [_thread_blocked, id=13720, stack(0x0000001fefe00000,0x0000001feff00000)]
  0x000001e9648983c0 JavaThread "Attach Listener" daemon [_thread_blocked, id=2896, stack(0x0000001feff00000,0x0000001ff0000000)]
  0x000001e964898d70 JavaThread "Service Thread" daemon [_thread_blocked, id=12476, stack(0x0000001ff0000000,0x0000001ff0100000)]
  0x000001e964899720 JavaThread "Monitor Deflation Thread" daemon [_thread_blocked, id=17788, stack(0x0000001ff0100000,0x0000001ff0200000)]
  0x000001e9648af410 JavaThread "C2 CompilerThread0" daemon [_thread_in_native, id=1288, stack(0x0000001ff0200000,0x0000001ff0300000)]
  0x000001e9648b7d20 JavaThread "C1 CompilerThread0" daemon [_thread_blocked, id=18644, stack(0x0000001ff0300000,0x0000001ff0400000)]
  0x000001e9648b8b20 JavaThread "Sweeper thread" daemon [_thread_blocked, id=6676, stack(0x0000001ff0400000,0x0000001ff0500000)]
  0x000001e96155d900 JavaThread "Common-Cleaner" daemon [_thread_blocked, id=16776, stack(0x0000001ff0500000,0x0000001ff0600000)]
  0x000001e964b32610 JavaThread "Notification Thread" daemon [_thread_blocked, id=15068, stack(0x0000001ff0600000,0x0000001ff0700000)]
  0x000001e966f338e0 JavaThread "Daemon health stats" [_thread_blocked, id=308, stack(0x0000001ff0900000,0x0000001ff0a00000)]
  0x000001e967422250 JavaThread "Incoming local TCP Connector on port 58025" [_thread_in_native, id=5220, stack(0x0000001ff1000000,0x0000001ff1100000)]
  0x000001e9672b0c80 JavaThread "Daemon periodic checks" [_thread_blocked, id=15084, stack(0x0000001ff1100000,0x0000001ff1200000)]
  0x000001e965948570 JavaThread "Cache worker for journal cache (C:\Users\moham\.gradle\caches\journal-1)" [_thread_blocked, id=15240, stack(0x0000001ff1a00000,0x0000001ff1b00000)]
  0x000001e9659463c0 JavaThread "File lock request listener" [_thread_in_native, id=14556, stack(0x0000001ff1b00000,0x0000001ff1c00000)]
  0x000001e9659480a0 JavaThread "Cache worker for file hash cache (C:\Users\moham\.gradle\caches\8.12\fileHashes)" [_thread_blocked, id=18152, stack(0x0000001ff1d00000,0x0000001ff1e00000)]
  0x000001e96a225b20 JavaThread "File watcher server" daemon [_thread_in_native, id=10944, stack(0x0000001ff1c00000,0x0000001ff1d00000)]
  0x000001e96a227cd0 JavaThread "File watcher consumer" daemon [_thread_blocked, id=11584, stack(0x0000001ff1e00000,0x0000001ff1f00000)]
  0x000001e96a225180 JavaThread "Cache worker for file content cache (C:\Users\moham\.gradle\caches\8.12\fileContent)" [_thread_blocked, id=3852, stack(0x0000001ff2400000,0x0000001ff2500000)]
  0x000001e969790b60 JavaThread "Memory manager" [_thread_blocked, id=20468, stack(0x0000001ff3d00000,0x0000001ff3e00000)]
  0x000001e96a7de110 JavaThread "jar transforms" [_thread_blocked, id=16028, stack(0x0000001ff8500000,0x0000001ff8600000)]
  0x000001e96a7dc900 JavaThread "jar transforms Thread 2" [_thread_blocked, id=20004, stack(0x0000001ff8800000,0x0000001ff8900000)]
  0x000001e96a7def80 JavaThread "jar transforms Thread 3" [_thread_blocked, id=1400, stack(0x0000001ff8900000,0x0000001ff8a00000)]
  0x000001e973a9b5c0 JavaThread "jar transforms Thread 4" [_thread_blocked, id=18528, stack(0x0000001ff8a00000,0x0000001ff8b00000)]
  0x000001e973a98a70 JavaThread "jar transforms Thread 5" [_thread_blocked, id=9200, stack(0x0000001ff8b00000,0x0000001ff8c00000)]
  0x000001e973a9ba90 JavaThread "jar transforms Thread 6" [_thread_blocked, id=2164, stack(0x0000001ff8c00000,0x0000001ff8d00000)]
  0x000001e973a99db0 JavaThread "jar transforms Thread 7" [_thread_blocked, id=11552, stack(0x0000001ff8d00000,0x0000001ff8e00000)]
  0x000001e973a97260 JavaThread "jar transforms Thread 8" [_thread_blocked, id=14444, stack(0x0000001ff8e00000,0x0000001ff8f00000)]
  0x000001e9746d7360 JavaThread "Daemon Thread 6" [_thread_blocked, id=7800, stack(0x0000001fef200000,0x0000001fef300000)]
  0x000001e97d0d1130 JavaThread "Handler for socket connection from /127.0.0.1:58025 to /127.0.0.1:51503" [_thread_in_native, id=9968, stack(0x0000001fef300000,0x0000001fef400000)]
  0x000001e97d0d2940 JavaThread "Cancel handler" [_thread_blocked, id=6064, stack(0x0000001fef400000,0x0000001fef500000)]
  0x000001e97d0d1600 JavaThread "Daemon worker Thread 6" [_thread_blocked, id=17144, stack(0x0000001ff1200000,0x0000001ff1300000)]
  0x000001e973d44a40 JavaThread "Asynchronous log dispatcher for DefaultDaemonConnection: socket connection from /127.0.0.1:58025 to /127.0.0.1:51503" [_thread_in_native, id=7516, stack(0x0000001ff1300000,0x0000001ff1400000)]
  0x000001e973d46bf0 JavaThread "Stdin handler" [_thread_blocked, id=18340, stack(0x0000001ff1400000,0x0000001ff1500000)]
  0x000001e973d47a60 JavaThread "Daemon client event forwarder" [_thread_blocked, id=10452, stack(0x0000001ff1500000,0x0000001ff1600000)]
  0x000001e973d458b0 JavaThread "Cache worker for file hash cache (E:\platform_new\application\evee\android\.gradle\8.12\fileHashes)" [_thread_blocked, id=9520, stack(0x0000001ff1600000,0x0000001ff1700000)]
  0x000001e976523380 JavaThread "Cache worker for Build Output Cleanup Cache (E:\platform_new\application\evee\android\.gradle\buildOutputCleanup)" [_thread_blocked, id=14540, stack(0x0000001ff1700000,0x0000001ff1800000)]
  0x000001e976523d20 JavaThread "Cache worker for checksums cache (E:\platform_new\application\evee\android\.gradle\8.12\checksums)" [_thread_blocked, id=14308, stack(0x0000001ff1800000,0x0000001ff1900000)]
  0x000001e976520d00 JavaThread "Cache worker for cache directory md-rule (C:\Users\moham\.gradle\caches\8.12\md-rule)" [_thread_blocked, id=16012, stack(0x0000001ff1f00000,0x0000001ff2000000)]
  0x000001e96eda8b80 JavaThread "Cache worker for cache directory md-supplier (C:\Users\moham\.gradle\caches\8.12\md-supplier)" [_thread_blocked, id=10124, stack(0x0000001ff2000000,0x0000001ff2100000)]
  0x000001e96edafa30 JavaThread "Cache worker for Build Output Cleanup Cache (E:\flutter\packages\flutter_tools\gradle\.gradle\buildOutputCleanup)" [_thread_blocked, id=15520, stack(0x0000001ff2100000,0x0000001ff2200000)]
  0x000001e973d44f10 JavaThread "Unconstrained build operations" [_thread_blocked, id=3756, stack(0x0000001ff2200000,0x0000001ff2300000)]
  0x000001e973d453e0 JavaThread "Unconstrained build operations Thread 2" [_thread_blocked, id=5796, stack(0x0000001ff2300000,0x0000001ff2400000)]
  0x000001e973d440a0 JavaThread "Unconstrained build operations Thread 3" [_thread_blocked, id=17652, stack(0x0000001ff2500000,0x0000001ff2600000)]
  0x000001e973d45d80 JavaThread "Unconstrained build operations Thread 4" [_thread_blocked, id=2584, stack(0x0000001ff2600000,0x0000001ff2700000)]
  0x000001e973d46250 JavaThread "Unconstrained build operations Thread 5" [_thread_blocked, id=20176, stack(0x0000001ff2700000,0x0000001ff2800000)]
  0x000001e973d46720 JavaThread "Unconstrained build operations Thread 6" [_thread_blocked, id=14008, stack(0x0000001ff2800000,0x0000001ff2900000)]
  0x000001e973c27e40 JavaThread "Unconstrained build operations Thread 7" [_thread_blocked, id=20336, stack(0x0000001ff2900000,0x0000001ff2a00000)]
  0x000001e973c274a0 JavaThread "Unconstrained build operations Thread 8" [_thread_blocked, id=17748, stack(0x0000001ff2a00000,0x0000001ff2b00000)]
  0x000001e973c29b20 JavaThread "Unconstrained build operations Thread 9" [_thread_blocked, id=18864, stack(0x0000001ff2b00000,0x0000001ff2c00000)]
  0x000001e973c29180 JavaThread "Unconstrained build operations Thread 10" [_thread_blocked, id=17736, stack(0x0000001ff2c00000,0x0000001ff2d00000)]
  0x000001e973c28310 JavaThread "Unconstrained build operations Thread 11" [_thread_blocked, id=8620, stack(0x0000001ff2d00000,0x0000001ff2e00000)]
  0x000001e973c287e0 JavaThread "Unconstrained build operations Thread 12" [_thread_blocked, id=16076, stack(0x0000001ff2e00000,0x0000001ff2f00000)]
  0x000001e976520360 JavaThread "Unconstrained build operations Thread 13" [_thread_blocked, id=13428, stack(0x0000001ff2f00000,0x0000001ff3000000)]
  0x000001e976522eb0 JavaThread "Unconstrained build operations Thread 14" [_thread_blocked, id=4884, stack(0x0000001ff3000000,0x0000001ff3100000)]
  0x000001e96edaebc0 JavaThread "build event listener" [_thread_blocked, id=16576, stack(0x0000001ff3100000,0x0000001ff3200000)]
  0x000001e973c2a4c0 JavaThread "included builds" [_thread_blocked, id=18588, stack(0x0000001ff3200000,0x0000001ff3300000)]
  0x000001e97d0d2470 JavaThread "Execution worker" [_thread_blocked, id=1192, stack(0x0000001ff3300000,0x0000001ff3400000)]
  0x000001e976fc7610 JavaThread "Execution worker Thread 2" [_thread_blocked, id=7312, stack(0x0000001ff3400000,0x0000001ff3500000)]
  0x000001e976fc7ae0 JavaThread "Execution worker Thread 3" [_thread_blocked, id=11000, stack(0x0000001ff3500000,0x0000001ff3600000)]
  0x000001e976fc7fb0 JavaThread "Execution worker Thread 4" [_thread_in_native, id=1708, stack(0x0000001ff3600000,0x0000001ff3700000)]
  0x000001e97d2a2710 JavaThread "Execution worker Thread 5" [_thread_blocked, id=2196, stack(0x0000001ff3700000,0x0000001ff3800000)]
  0x000001e97d2a3a50 JavaThread "Execution worker Thread 6" [_thread_blocked, id=15424, stack(0x0000001ff3800000,0x0000001ff3900000)]
  0x000001e97d2a3580 JavaThread "Execution worker Thread 7" [_thread_blocked, id=20124, stack(0x0000001ff3900000,0x0000001ff3a00000)]
  0x000001e97d2a0f00 JavaThread "Cache worker for execution history cache (E:\flutter\packages\flutter_tools\gradle\.gradle\8.12\executionHistory)" [_thread_blocked, id=900, stack(0x0000001ff3a00000,0x0000001ff3b00000)]
  0x000001e973c443a0 JavaThread "Unconstrained build operations Thread 15" [_thread_blocked, id=3020, stack(0x0000001ff3c00000,0x0000001ff3d00000)]
  0x000001e973c473c0 JavaThread "Unconstrained build operations Thread 16" [_thread_blocked, id=7076, stack(0x0000001ff3e00000,0x0000001ff3f00000)]
  0x000001e973c47890 JavaThread "Unconstrained build operations Thread 17" [_thread_blocked, id=14644, stack(0x0000001ff3f00000,0x0000001ff4000000)]
  0x000001e973c45210 JavaThread "Unconstrained build operations Thread 18" [_thread_blocked, id=14620, stack(0x0000001ff4000000,0x0000001ff4100000)]
  0x000001e973c46080 JavaThread "Unconstrained build operations Thread 19" [_thread_blocked, id=3720, stack(0x0000001ff4100000,0x0000001ff4200000)]
  0x000001e973c47d60 JavaThread "Unconstrained build operations Thread 20" [_thread_blocked, id=20392, stack(0x0000001ff4200000,0x0000001ff4300000)]
  0x000001e973c44870 JavaThread "Unconstrained build operations Thread 21" [_thread_blocked, id=18508, stack(0x0000001ff4300000,0x0000001ff4400000)]
  0x000001e97d2a2be0 JavaThread "Unconstrained build operations Thread 22" [_thread_blocked, id=16848, stack(0x0000001ff4400000,0x0000001ff4500000)]
  0x000001e97d2a30b0 JavaThread "Unconstrained build operations Thread 23" [_thread_blocked, id=17484, stack(0x0000001ff4500000,0x0000001ff4600000)]
  0x000001e97d2a3f20 JavaThread "Unconstrained build operations Thread 24" [_thread_blocked, id=20348, stack(0x0000001ff4600000,0x0000001ff4700000)]
  0x000001e97d2a2240 JavaThread "Unconstrained build operations Thread 25" [_thread_blocked, id=16540, stack(0x0000001ff4700000,0x0000001ff4800000)]
  0x000001e97d2a1d70 JavaThread "Unconstrained build operations Thread 26" [_thread_blocked, id=19316, stack(0x0000001ff4800000,0x0000001ff4900000)]
  0x000001e97d2a13d0 JavaThread "Unconstrained build operations Thread 27" [_thread_blocked, id=12400, stack(0x0000001ff4900000,0x0000001ff4a00000)]
  0x000001e97d2a43f0 JavaThread "Unconstrained build operations Thread 28" [_thread_blocked, id=19980, stack(0x0000001ff4a00000,0x0000001ff4b00000)]
  0x000001e97d2a18a0 JavaThread "Unconstrained build operations Thread 29" [_thread_blocked, id=5576, stack(0x0000001ff4b00000,0x0000001ff4c00000)]
  0x000001e97d2a0a30 JavaThread "Unconstrained build operations Thread 30" [_thread_blocked, id=19716, stack(0x0000001ff4c00000,0x0000001ff4d00000)]
  0x000001e973c45bb0 JavaThread "WorkerExecutor Queue" [_thread_blocked, id=19488, stack(0x0000001ff4e00000,0x0000001ff4f00000)]
  0x000001e96e01bbd0 JavaThread "RMI Scheduler(0)" daemon [_thread_blocked, id=7744, stack(0x0000001ff4d00000,0x0000001ff4e00000)]
  0x000001e96f3d4370 JavaThread "RMI GC Daemon" daemon [_thread_blocked, id=18828, stack(0x0000001ff5000000,0x0000001ff5100000)]
  0x000001e96f3d4840 JavaThread "RMI TCP Accept-0" daemon [_thread_in_native, id=11600, stack(0x0000001ff5200000,0x0000001ff5300000)]
  0x000001e96f3d4d10 JavaThread "RMI Reaper" [_thread_blocked, id=10336, stack(0x0000001ff5300000,0x0000001ff5400000)]
  0x000001e973c29650 JavaThread "Unconstrained build operations Thread 31" [_thread_blocked, id=18472, stack(0x0000001ff5100000,0x0000001ff5200000)]
  0x000001e973c29ff0 JavaThread "Unconstrained build operations Thread 32" [_thread_blocked, id=3612, stack(0x0000001ff5400000,0x0000001ff5500000)]
  0x000001e973c2ae60 JavaThread "Unconstrained build operations Thread 33" [_thread_blocked, id=10752, stack(0x0000001ff5600000,0x0000001ff5700000)]
  0x000001e978b563b0 JavaThread "Unconstrained build operations Thread 34" [_thread_blocked, id=18468, stack(0x0000001ff5700000,0x0000001ff5800000)]
  0x000001e978b57bc0 JavaThread "Unconstrained build operations Thread 35" [_thread_blocked, id=14484, stack(0x0000001ff5800000,0x0000001ff5900000)]
  0x000001e978b55540 JavaThread "Unconstrained build operations Thread 36" [_thread_blocked, id=11684, stack(0x0000001ff5900000,0x0000001ff5a00000)]
  0x000001e978b55070 JavaThread "Unconstrained build operations Thread 37" [_thread_blocked, id=1256, stack(0x0000001ff5a00000,0x0000001ff5b00000)]
  0x000001e973c46a20 JavaThread "Unconstrained build operations Thread 38" [_thread_blocked, id=7660, stack(0x0000001ff5b00000,0x0000001ff5c00000)]
  0x000001e9749b7d30 JavaThread "Unconstrained build operations Thread 39" [_thread_blocked, id=3436, stack(0x0000001ff5c00000,0x0000001ff5d00000)]
  0x000001e9749b6520 JavaThread "Unconstrained build operations Thread 40" [_thread_blocked, id=3512, stack(0x0000001ff5d00000,0x0000001ff5e00000)]
  0x000001e9749b8200 JavaThread "Unconstrained build operations Thread 41" [_thread_blocked, id=17552, stack(0x0000001ff5e00000,0x0000001ff5f00000)]
  0x000001e9749b86d0 JavaThread "Unconstrained build operations Thread 42" [_thread_blocked, id=20244, stack(0x0000001ff5f00000,0x0000001ff6000000)]
  0x000001e9749b8ba0 JavaThread "Unconstrained build operations Thread 43" [_thread_blocked, id=2860, stack(0x0000001ff6000000,0x0000001ff6100000)]
  0x000001e9749b5b80 JavaThread "Unconstrained build operations Thread 44" [_thread_blocked, id=15456, stack(0x0000001ff6100000,0x0000001ff6200000)]
  0x000001e9749b9070 JavaThread "Unconstrained build operations Thread 45" [_thread_blocked, id=20264, stack(0x0000001ff6200000,0x0000001ff6300000)]
  0x000001e9749b6050 JavaThread "Unconstrained build operations Thread 46" [_thread_blocked, id=20248, stack(0x0000001ff6300000,0x0000001ff6400000)]
  0x000001e9749b69f0 JavaThread "Unconstrained build operations Thread 47" [_thread_blocked, id=7196, stack(0x0000001ff6400000,0x0000001ff6500000)]
  0x000001e9749b6ec0 JavaThread "Unconstrained build operations Thread 48" [_thread_blocked, id=15440, stack(0x0000001ff6500000,0x0000001ff6600000)]
  0x000001e974775910 JavaThread "Unconstrained build operations Thread 49" [_thread_blocked, id=5932, stack(0x0000001ff6600000,0x0000001ff6700000)]
  0x000001e974778460 JavaThread "Unconstrained build operations Thread 50" [_thread_blocked, id=12584, stack(0x0000001ff6700000,0x0000001ff6800000)]
  0x000001e974777ac0 JavaThread "Unconstrained build operations Thread 51" [_thread_blocked, id=19620, stack(0x0000001ff6800000,0x0000001ff6900000)]
  0x000001e96977ba80 JavaThread "Unconstrained build operations Thread 52" [_thread_blocked, id=16860, stack(0x0000001ff6900000,0x0000001ff6a00000)]
  0x000001e978b56880 JavaThread "Unconstrained build operations Thread 53" [_thread_blocked, id=9668, stack(0x0000001ff6a00000,0x0000001ff6b00000)]
  0x000001e978b56d50 JavaThread "Unconstrained build operations Thread 54" [_thread_blocked, id=7912, stack(0x0000001ff6b00000,0x0000001ff6c00000)]
  0x000001e978b55a10 JavaThread "Unconstrained build operations Thread 55" [_thread_blocked, id=8268, stack(0x0000001ff6c00000,0x0000001ff6d00000)]
  0x000001e978b55ee0 JavaThread "Unconstrained build operations Thread 56" [_thread_blocked, id=15896, stack(0x0000001ff6d00000,0x0000001ff6e00000)]
  0x000001e978b57220 JavaThread "Unconstrained build operations Thread 57" [_thread_blocked, id=7496, stack(0x0000001ff6e00000,0x0000001ff6f00000)]
  0x000001e978b576f0 JavaThread "Unconstrained build operations Thread 58" [_thread_blocked, id=19644, stack(0x0000001ff6f00000,0x0000001ff7000000)]
  0x000001e976522510 JavaThread "build event listener" [_thread_blocked, id=12352, stack(0x0000001ff7000000,0x0000001ff7100000)]
  0x000001e976f47f30 JavaThread "Problems report writer" [_thread_blocked, id=10692, stack(0x0000001ff4f00000,0x0000001ff5000000)]
  0x000001e974da78c0 JavaThread "Unconstrained build operations Thread 59" [_thread_blocked, id=14748, stack(0x0000001ff7100000,0x0000001ff7200000)]
  0x000001e974da5be0 JavaThread "Unconstrained build operations Thread 60" [_thread_blocked, id=3644, stack(0x0000001ff7200000,0x0000001ff7300000)]
  0x000001e974da6580 JavaThread "Unconstrained build operations Thread 61" [_thread_blocked, id=17820, stack(0x0000001ff7300000,0x0000001ff7400000)]
  0x000001e974da8c00 JavaThread "Unconstrained build operations Thread 62" [_thread_blocked, id=9564, stack(0x0000001ff7400000,0x0000001ff7500000)]
  0x000001e974da73f0 JavaThread "Unconstrained build operations Thread 63" [_thread_blocked, id=20296, stack(0x0000001ff7500000,0x0000001ff7600000)]
  0x000001e974da7d90 JavaThread "Unconstrained build operations Thread 64" [_thread_blocked, id=19784, stack(0x0000001ff7600000,0x0000001ff7700000)]
  0x000001e974da60b0 JavaThread "Unconstrained build operations Thread 65" [_thread_blocked, id=19696, stack(0x0000001ff7700000,0x0000001ff7800000)]
  0x000001e974da6a50 JavaThread "Unconstrained build operations Thread 66" [_thread_blocked, id=5388, stack(0x0000001ff7800000,0x0000001ff7900000)]
  0x000001e97d0df0b0 JavaThread "Unconstrained build operations Thread 67" [_thread_blocked, id=20088, stack(0x0000001ff7900000,0x0000001ff7a00000)]
  0x000001e978804c70 JavaThread "Unconstrained build operations Thread 68" [_thread_blocked, id=13996, stack(0x0000001ff7a00000,0x0000001ff7b00000)]
  0x000001e978806480 JavaThread "Unconstrained build operations Thread 69" [_thread_blocked, id=13236, stack(0x0000001ff7b00000,0x0000001ff7c00000)]
  0x000001e978805ae0 JavaThread "Unconstrained build operations Thread 70" [_thread_blocked, id=19400, stack(0x0000001ff7c00000,0x0000001ff7d00000)]
  0x000001e9788042d0 JavaThread "Unconstrained build operations Thread 71" [_thread_blocked, id=7464, stack(0x0000001ff7d00000,0x0000001ff7e00000)]
  0x000001e978802ac0 JavaThread "Unconstrained build operations Thread 72" [_thread_blocked, id=18800, stack(0x0000001ff7e00000,0x0000001ff7f00000)]
  0x000001e976f49c10 JavaThread "Unconstrained build operations Thread 73" [_thread_blocked, id=16132, stack(0x0000001ff7f00000,0x0000001ff8000000)]
  0x000001e976f4a5b0 JavaThread "Unconstrained build operations Thread 74" [_thread_blocked, id=2752, stack(0x0000001ff8000000,0x0000001ff8100000)]
  0x000001e976f4aa80 JavaThread "Unconstrained build operations Thread 75" [_thread_blocked, id=19332, stack(0x0000001ff8100000,0x0000001ff8200000)]
  0x000001e976f470c0 JavaThread "Unconstrained build operations Thread 76" [_thread_blocked, id=17604, stack(0x0000001ff8200000,0x0000001ff8300000)]
  0x000001e976f48400 JavaThread "Unconstrained build operations Thread 77" [_thread_blocked, id=17328, stack(0x0000001ff8300000,0x0000001ff8400000)]
  0x000001e976f47590 JavaThread "Unconstrained build operations Thread 78" [_thread_blocked, id=19120, stack(0x0000001ff8400000,0x0000001ff8500000)]
  0x000001e976f48da0 JavaThread "Unconstrained build operations Thread 79" [_thread_blocked, id=17084, stack(0x0000001ff8600000,0x0000001ff8700000)]
  0x000001e976f47a60 JavaThread "Unconstrained build operations Thread 80" [_thread_blocked, id=320, stack(0x0000001ff8700000,0x0000001ff8800000)]
  0x000001e9746d5b50 JavaThread "Cache worker for execution history cache (E:\platform_new\application\evee\android\.gradle\8.12\executionHistory)" [_thread_blocked, id=11012, stack(0x0000001ff9000000,0x0000001ff9100000)]
  0x000001e96edab6d0 JavaThread "Exec process" [_thread_blocked, id=1612, stack(0x0000001ff9600000,0x0000001ff9700000)]
  0x000001e97d043d40 JavaThread "Exec process Thread 2" [_thread_blocked, id=19000, stack(0x0000001ff9700000,0x0000001ff9800000)]
  0x000001e97d045080 JavaThread "Exec process Thread 3" [_thread_blocked, id=17656, stack(0x0000001ff9800000,0x0000001ff9900000)]
  0x000001e969778a60 JavaThread "WorkerExecutor Queue Thread 2" [_thread_blocked, id=3568, stack(0x0000001ff5500000,0x0000001ff5600000)]
  0x000001e96edaad30 JavaThread "WorkerExecutor Queue Thread 3" [_thread_blocked, id=10852, stack(0x0000001ff8f00000,0x0000001ff9000000)]
  0x000001e9746d4340 JavaThread "WorkerExecutor Queue Thread 4" [_thread_blocked, id=16996, stack(0x0000001ff9900000,0x0000001ff9a00000)]
  0x000001e974775de0 JavaThread "WorkerExecutor Queue Thread 5" [_thread_blocked, id=19956, stack(0x0000001ff9a00000,0x0000001ff9b00000)]
  0x000001e967b9b110 JavaThread "WorkerExecutor Queue Thread 6" [_thread_blocked, id=19564, stack(0x0000001ff9b00000,0x0000001ff9c00000)]
  0x000001e9747762b0 JavaThread "WorkerExecutor Queue Thread 8" [_thread_in_native, id=15628, stack(0x0000001ff9d00000,0x0000001ff9e00000)]
  0x000001e97d044210 JavaThread "WorkerExecutor Queue Thread 10" [_thread_blocked, id=16244, stack(0x0000001ff9c00000,0x0000001ff9d00000)]
  0x000001e978805140 JavaThread "pool-19-thread-1" [_thread_blocked, id=20024, stack(0x0000001ff9f00000,0x0000001ffa000000)]
  0x000001e96977b0e0 JavaThread "stderr" [_thread_in_native, id=11064, stack(0x0000001ffa000000,0x0000001ffa100000)]
  0x000001e9744f06b0 JavaThread "stdout" [_thread_in_native, id=14312, stack(0x0000001ffa100000,0x0000001ffa200000)]
  0x000001e9744f0b80 JavaThread "RMI RenewClean-[127.0.0.1:17403,org.jetbrains.kotlin.daemon.common.LoopbackNetworkInterface$ClientLoopbackSocketFactory@58fad978]" daemon [_thread_blocked, id=10780, stack(0x0000001ff3b00000,0x0000001ff3c00000)]
  0x000001e97d0446e0 JavaThread "RMI RenewClean-[127.0.0.1:17403,org.jetbrains.kotlin.daemon.common.LoopbackNetworkInterface$ClientLoopbackSocketFactory@5a8278f8]" daemon [_thread_blocked, id=16364, stack(0x0000001ff9e00000,0x0000001ff9f00000)]
  0x000001e96eda9520 JavaThread "RMI TCP Accept-0" daemon [_thread_in_native, id=17128, stack(0x0000001ffa200000,0x0000001ffa300000)]
  0x000001e9744f1050 JavaThread "RMI TCP Connection(6)-127.0.0.1" daemon [_thread_in_native, id=5392, stack(0x0000001ffa300000,0x0000001ffa400000)]
  0x000001e9744f1520 JavaThread "RMI TCP Connection(5)-127.0.0.1" daemon [_thread_in_native, id=5752, stack(0x0000001ffa400000,0x0000001ffa500000)]
  0x000001e9746d64f0 JavaThread "Cache worker for Java compile cache (C:\Users\moham\.gradle\caches\8.12\javaCompile)" [_thread_blocked, id=8220, stack(0x0000001ffa600000,0x0000001ffa700000)]
  0x000001e97d042a00 JavaThread "Build operations" [_thread_blocked, id=12408, stack(0x0000001ffa700000,0x0000001ffa800000)]
  0x000001e97d042ed0 JavaThread "Build operations Thread 2" [_thread_blocked, id=17192, stack(0x0000001ffa800000,0x0000001ffa900000)]
  0x000001e97d0433a0 JavaThread "Build operations Thread 3" [_thread_blocked, id=18992, stack(0x0000001ffa900000,0x0000001ffaa00000)]
  0x000001e97d042530 JavaThread "Build operations Thread 4" [_thread_blocked, id=16560, stack(0x0000001ffaa00000,0x0000001ffab00000)]
  0x000001e97d043870 JavaThread "Build operations Thread 5" [_thread_blocked, id=5656, stack(0x0000001ffab00000,0x0000001ffac00000)]
  0x000001e97d044bb0 JavaThread "Build operations Thread 6" [_thread_blocked, id=17040, stack(0x0000001ffac00000,0x0000001ffad00000)]
  0x000001e97d045550 JavaThread "Build operations Thread 7" [_thread_blocked, id=13872, stack(0x0000001ffad00000,0x0000001ffae00000)]
  0x000001e97d045a20 JavaThread "Build operations Thread 8" [_thread_blocked, id=19436, stack(0x0000001ffa500000,0x0000001ffa600000)]
=>0x000001e96eab66c0 JavaThread "C2 CompilerThread1" daemon [_thread_in_native, id=18540, stack(0x0000001ffae00000,0x0000001ffaf00000)]
  0x000001e96eab6bd0 JavaThread "C2 CompilerThread2" daemon [_thread_in_native, id=19060, stack(0x0000001ffb000000,0x0000001ffb100000)]
  0x000001e96edae220 JavaThread "RMI RenewClean-[127.0.0.1:17403,org.jetbrains.kotlin.daemon.common.LoopbackNetworkInterface$ClientLoopbackSocketFactory@48458d8d]" daemon [_thread_blocked, id=13464, stack(0x0000001ffb100000,0x0000001ffb200000)]

Other Threads:
  0x000001e96158dd20 VMThread "VM Thread" [stack: 0x0000001fefb00000,0x0000001fefc00000] [id=10076]
  0x000001e9613a6fd0 WatcherThread [stack: 0x0000001ff0700000,0x0000001ff0800000] [id=19164]
  0x000001e92aa33bf0 GCTaskThread "GC Thread#0" [stack: 0x0000001fef600000,0x0000001fef700000] [id=18240]
  0x000001e964d396e0 GCTaskThread "GC Thread#1" [stack: 0x0000001ff0a00000,0x0000001ff0b00000] [id=8048]
  0x000001e96508fa80 GCTaskThread "GC Thread#2" [stack: 0x0000001ff0b00000,0x0000001ff0c00000] [id=13216]
  0x000001e965124df0 GCTaskThread "GC Thread#3" [stack: 0x0000001ff0c00000,0x0000001ff0d00000] [id=18560]
  0x000001e9651250a0 GCTaskThread "GC Thread#4" [stack: 0x0000001ff0d00000,0x0000001ff0e00000] [id=18304]
  0x000001e965125350 GCTaskThread "GC Thread#5" [stack: 0x0000001ff0e00000,0x0000001ff0f00000] [id=1108]
  0x000001e967343c80 GCTaskThread "GC Thread#6" [stack: 0x0000001ff0800000,0x0000001ff0900000] [id=1852]
  0x000001e9672f0460 GCTaskThread "GC Thread#7" [stack: 0x0000001ff0f00000,0x0000001ff1000000] [id=2984]
  0x000001e92aa3c9b0 ConcurrentGCThread "G1 Main Marker" [stack: 0x0000001fef700000,0x0000001fef800000] [id=18172]
  0x000001e92aa3da00 ConcurrentGCThread "G1 Conc#0" [stack: 0x0000001fef800000,0x0000001fef900000] [id=10156]
  0x000001e967464030 ConcurrentGCThread "G1 Conc#1" [stack: 0x0000001ff1900000,0x0000001ff1a00000] [id=18268]
  0x000001e961425870 ConcurrentGCThread "G1 Refine#0" [stack: 0x0000001fef900000,0x0000001fefa00000] [id=16440]
  0x000001e973c0b7f0 ConcurrentGCThread "G1 Refine#1" [stack: 0x0000001ff9100000,0x0000001ff9200000] [id=11648]
  0x000001e973c0d4b0 ConcurrentGCThread "G1 Refine#2" [stack: 0x0000001ff9200000,0x0000001ff9300000] [id=14532]
  0x000001e973c0c930 ConcurrentGCThread "G1 Refine#3" [stack: 0x0000001ff9300000,0x0000001ff9400000] [id=16268]
  0x000001e973c0e310 ConcurrentGCThread "G1 Refine#4" [stack: 0x0000001ff9400000,0x0000001ff9500000] [id=7428]
  0x000001e973c0cef0 ConcurrentGCThread "G1 Refine#5" [stack: 0x0000001ff9500000,0x0000001ff9600000] [id=20188]
  0x000001e961425f40 ConcurrentGCThread "G1 Service" [stack: 0x0000001fefa00000,0x0000001fefb00000] [id=11936]

Threads with active compile tasks:
C2 CompilerThread1  10428223 54411 %     4       org.gradle.api.internal.artifacts.ivyservice.resolveengine.graph.builder.DependencyGraphBuilder::maybeDownloadMetadataInParallel @ 11 (177 bytes)
C2 CompilerThread2  10428223 54427   !   4       com.google.common.cache.LocalCache::processPendingNotifications (47 bytes)

VM state: not at safepoint (normal execution)

VM Mutex/Monitor currently owned by a thread: None

Heap address: 0x0000000600000000, size: 8192 MB, Compressed Oops mode: Zero based, Oop shift amount: 3

CDS archive(s) not mapped
Compressed class space mapped at: 0x0000000800000000-0x0000000840000000, reserved size: 1073741824
Narrow klass base: 0x0000000800000000, Narrow klass shift: 0, Narrow klass range: 0x40000000

GC Precious Log:
 CPUs: 8 total, 8 available
 Memory: 16263M
 Large Page Support: Disabled
 NUMA Support: Disabled
 Compressed Oops: Enabled (Zero based)
 Heap Region Size: 4M
 Heap Min Capacity: 8M
 Heap Initial Capacity: 256M
 Heap Max Capacity: 8G
 Pre-touch: Disabled
 Parallel Workers: 8
 Concurrent Workers: 2
 Concurrent Refinement Workers: 8
 Periodic GC: Disabled

Heap:
 garbage-first heap   total 4726784K, used 1519254K [0x0000000600000000, 0x0000000800000000)
  region size 4096K, 254 young (1040384K), 2 survivors (8192K)
 Metaspace       used 251303K, committed 253888K, reserved 1277952K
  class space    used 31811K, committed 33024K, reserved 1048576K

Heap Regions: E=young(eden), S=young(survivor), O=old, HS=humongous(starts), HC=humongous(continues), CS=collection set, F=free, OA=open archive, CA=closed archive, TAMS=top-at-mark-start (previous, next)
|   0|0x0000000600000000, 0x0000000600400000, 0x0000000600400000|100%|HS|  |TAMS 0x0000000600400000, 0x0000000600000000| Complete 
|   1|0x0000000600400000, 0x0000000600800000, 0x0000000600800000|100%| O|  |TAMS 0x0000000600800000, 0x0000000600400000| Untracked 
|   2|0x0000000600800000, 0x0000000600c00000, 0x0000000600c00000|100%| O|  |TAMS 0x0000000600c00000, 0x0000000600800000| Untracked 
|   3|0x0000000600c00000, 0x0000000601000000, 0x0000000601000000|100%| O|  |TAMS 0x0000000601000000, 0x0000000600c00000| Untracked 
|   4|0x0000000601000000, 0x0000000601400000, 0x0000000601400000|100%| O|  |TAMS 0x0000000601400000, 0x0000000601000000| Untracked 
|   5|0x0000000601400000, 0x0000000601800000, 0x0000000601800000|100%| O|  |TAMS 0x0000000601800000, 0x0000000601400000| Untracked 
|   6|0x0000000601800000, 0x0000000601c00000, 0x0000000601c00000|100%| O|  |TAMS 0x0000000601c00000, 0x0000000601800000| Untracked 
|   7|0x0000000601c00000, 0x0000000602000000, 0x0000000602000000|100%| O|  |TAMS 0x0000000602000000, 0x0000000601c00000| Untracked 
|   8|0x0000000602000000, 0x0000000602400000, 0x0000000602400000|100%| O|  |TAMS 0x0000000602400000, 0x0000000602000000| Untracked 
|   9|0x0000000602400000, 0x0000000602800000, 0x0000000602800000|100%|HS|  |TAMS 0x0000000602800000, 0x0000000602400000| Complete 
|  10|0x0000000602800000, 0x0000000602c00000, 0x0000000602c00000|100%| O|  |TAMS 0x0000000602c00000, 0x0000000602800000| Untracked 
|  11|0x0000000602c00000, 0x0000000603000000, 0x0000000603000000|100%| O|  |TAMS 0x0000000603000000, 0x0000000602c00000| Untracked 
|  12|0x0000000603000000, 0x0000000603400000, 0x0000000603400000|100%| O|  |TAMS 0x0000000603400000, 0x0000000603000000| Untracked 
|  13|0x0000000603400000, 0x0000000603800000, 0x0000000603800000|100%|HS|  |TAMS 0x0000000603800000, 0x0000000603400000| Complete 
|  14|0x0000000603800000, 0x0000000603800000, 0x0000000603c00000|  0%| F|  |TAMS 0x0000000603800000, 0x0000000603800000| Untracked 
|  15|0x0000000603c00000, 0x0000000604000000, 0x0000000604000000|100%|HS|  |TAMS 0x0000000604000000, 0x0000000603c00000| Complete 
|  16|0x0000000604000000, 0x0000000604400000, 0x0000000604400000|100%| O|  |TAMS 0x0000000604400000, 0x0000000604000000| Untracked 
|  17|0x0000000604400000, 0x0000000604800000, 0x0000000604800000|100%| O|  |TAMS 0x0000000604800000, 0x0000000604400000| Untracked 
|  18|0x0000000604800000, 0x0000000604c00000, 0x0000000604c00000|100%| O|  |TAMS 0x0000000604c00000, 0x0000000604800000| Untracked 
|  19|0x0000000604c00000, 0x0000000605000000, 0x0000000605000000|100%| O|  |TAMS 0x0000000605000000, 0x0000000604c00000| Untracked 
|  20|0x0000000605000000, 0x0000000605400000, 0x0000000605400000|100%| O|  |TAMS 0x0000000605400000, 0x0000000605000000| Untracked 
|  21|0x0000000605400000, 0x0000000605800000, 0x0000000605800000|100%| O|  |TAMS 0x0000000605800000, 0x0000000605400000| Untracked 
|  22|0x0000000605800000, 0x0000000605c00000, 0x0000000605c00000|100%|HS|  |TAMS 0x0000000605c00000, 0x0000000605800000| Complete 
|  23|0x0000000605c00000, 0x0000000606000000, 0x0000000606000000|100%| O|  |TAMS 0x0000000606000000, 0x0000000605c00000| Untracked 
|  24|0x0000000606000000, 0x0000000606400000, 0x0000000606400000|100%| O|  |TAMS 0x0000000606400000, 0x0000000606000000| Untracked 
|  25|0x0000000606400000, 0x0000000606800000, 0x0000000606800000|100%| O|  |TAMS 0x0000000606800000, 0x0000000606400000| Untracked 
|  26|0x0000000606800000, 0x0000000606c00000, 0x0000000606c00000|100%| O|  |TAMS 0x0000000606c00000, 0x0000000606800000| Untracked 
|  27|0x0000000606c00000, 0x0000000607000000, 0x0000000607000000|100%| O|  |TAMS 0x0000000607000000, 0x0000000606c00000| Untracked 
|  28|0x0000000607000000, 0x0000000607400000, 0x0000000607400000|100%| O|  |TAMS 0x0000000607400000, 0x0000000607000000| Untracked 
|  29|0x0000000607400000, 0x0000000607800000, 0x0000000607800000|100%| O|  |TAMS 0x0000000607800000, 0x0000000607400000| Untracked 
|  30|0x0000000607800000, 0x0000000607c00000, 0x0000000607c00000|100%| O|  |TAMS 0x0000000607c00000, 0x0000000607800000| Untracked 
|  31|0x0000000607c00000, 0x0000000608000000, 0x0000000608000000|100%| O|  |TAMS 0x0000000608000000, 0x0000000607c00000| Untracked 
|  32|0x0000000608000000, 0x0000000608400000, 0x0000000608400000|100%| O|  |TAMS 0x0000000608400000, 0x0000000608000000| Untracked 
|  33|0x0000000608400000, 0x0000000608800000, 0x0000000608800000|100%| O|  |TAMS 0x0000000608800000, 0x0000000608400000| Untracked 
|  34|0x0000000608800000, 0x0000000608c00000, 0x0000000608c00000|100%| O|  |TAMS 0x0000000608c00000, 0x0000000608800000| Untracked 
|  35|0x0000000608c00000, 0x0000000609000000, 0x0000000609000000|100%| O|  |TAMS 0x0000000609000000, 0x0000000608c00000| Untracked 
|  36|0x0000000609000000, 0x0000000609400000, 0x0000000609400000|100%| O|  |TAMS 0x0000000609400000, 0x0000000609000000| Untracked 
|  37|0x0000000609400000, 0x0000000609800000, 0x0000000609800000|100%| O|  |TAMS 0x0000000609800000, 0x0000000609400000| Untracked 
|  38|0x0000000609800000, 0x0000000609c00000, 0x0000000609c00000|100%| O|  |TAMS 0x0000000609c00000, 0x0000000609800000| Untracked 
|  39|0x0000000609c00000, 0x000000060a000000, 0x000000060a000000|100%| O|  |TAMS 0x000000060a000000, 0x0000000609c00000| Untracked 
|  40|0x000000060a000000, 0x000000060a400000, 0x000000060a400000|100%| O|  |TAMS 0x000000060a400000, 0x000000060a000000| Untracked 
|  41|0x000000060a400000, 0x000000060a400000, 0x000000060a800000|  0%| F|  |TAMS 0x000000060a400000, 0x000000060a400000| Untracked 
|  42|0x000000060a800000, 0x000000060ac00000, 0x000000060ac00000|100%| O|  |TAMS 0x000000060ac00000, 0x000000060a800000| Untracked 
|  43|0x000000060ac00000, 0x000000060ac00000, 0x000000060b000000|  0%| F|  |TAMS 0x000000060ac00000, 0x000000060ac00000| Untracked 
|  44|0x000000060b000000, 0x000000060b400000, 0x000000060b400000|100%| O|  |TAMS 0x000000060b400000, 0x000000060b000000| Untracked 
|  45|0x000000060b400000, 0x000000060b800000, 0x000000060b800000|100%| O|  |TAMS 0x000000060b800000, 0x000000060b400000| Untracked 
|  46|0x000000060b800000, 0x000000060bc00000, 0x000000060bc00000|100%| O|  |TAMS 0x000000060bc00000, 0x000000060b800000| Untracked 
|  47|0x000000060bc00000, 0x000000060c000000, 0x000000060c000000|100%| O|  |TAMS 0x000000060c000000, 0x000000060bc00000| Untracked 
|  48|0x000000060c000000, 0x000000060c400000, 0x000000060c400000|100%| O|  |TAMS 0x000000060c400000, 0x000000060c000000| Untracked 
|  49|0x000000060c400000, 0x000000060c400000, 0x000000060c800000|  0%| F|  |TAMS 0x000000060c400000, 0x000000060c400000| Untracked 
|  50|0x000000060c800000, 0x000000060cc00000, 0x000000060cc00000|100%| O|  |TAMS 0x000000060c800000, 0x000000060c800000| Untracked 
|  51|0x000000060cc00000, 0x000000060cc00000, 0x000000060d000000|  0%| F|  |TAMS 0x000000060cc00000, 0x000000060cc00000| Untracked 
|  52|0x000000060d000000, 0x000000060d400000, 0x000000060d400000|100%| O|  |TAMS 0x000000060d400000, 0x000000060d000000| Untracked 
|  53|0x000000060d400000, 0x000000060d800000, 0x000000060d800000|100%| O|  |TAMS 0x000000060d800000, 0x000000060d400000| Untracked 
|  54|0x000000060d800000, 0x000000060dc00000, 0x000000060dc00000|100%| O|  |TAMS 0x000000060dc00000, 0x000000060d800000| Untracked 
|  55|0x000000060dc00000, 0x000000060e000000, 0x000000060e000000|100%| O|  |TAMS 0x000000060dc00000, 0x000000060dc00000| Untracked 
|  56|0x000000060e000000, 0x000000060e400000, 0x000000060e400000|100%| O|  |TAMS 0x000000060e000000, 0x000000060e000000| Untracked 
|  57|0x000000060e400000, 0x000000060e800000, 0x000000060e800000|100%| O|  |TAMS 0x000000060e800000, 0x000000060e400000| Untracked 
|  58|0x000000060e800000, 0x000000060ec00000, 0x000000060ec00000|100%| O|  |TAMS 0x000000060ec00000, 0x000000060e800000| Untracked 
|  59|0x000000060ec00000, 0x000000060f000000, 0x000000060f000000|100%|HS|  |TAMS 0x000000060ec00000, 0x000000060ec00000| Complete 
|  60|0x000000060f000000, 0x000000060f000000, 0x000000060f400000|  0%| F|  |TAMS 0x000000060f000000, 0x000000060f000000| Untracked 
|  61|0x000000060f400000, 0x000000060f800000, 0x000000060f800000|100%| O|  |TAMS 0x000000060f400000, 0x000000060f400000| Untracked 
|  62|0x000000060f800000, 0x000000060fc00000, 0x000000060fc00000|100%| O|  |TAMS 0x000000060f800000, 0x000000060f800000| Untracked 
|  63|0x000000060fc00000, 0x0000000610000000, 0x0000000610000000|100%| O|  |TAMS 0x000000060fc00000, 0x000000060fc00000| Untracked 
|  64|0x0000000610000000, 0x0000000610400000, 0x0000000610400000|100%| O|  |TAMS 0x0000000610000000, 0x0000000610000000| Untracked 
|  65|0x0000000610400000, 0x0000000610800000, 0x0000000610800000|100%| O|  |TAMS 0x0000000610800000, 0x0000000610400000| Untracked 
|  66|0x0000000610800000, 0x0000000610800000, 0x0000000610c00000|  0%| F|  |TAMS 0x0000000610800000, 0x0000000610800000| Untracked 
|  67|0x0000000610c00000, 0x0000000611000000, 0x0000000611000000|100%| O|  |TAMS 0x0000000610c00000, 0x0000000610c00000| Untracked 
|  68|0x0000000611000000, 0x0000000611400000, 0x0000000611400000|100%| O|  |TAMS 0x0000000611000000, 0x0000000611000000| Untracked 
|  69|0x0000000611400000, 0x0000000611400000, 0x0000000611800000|  0%| F|  |TAMS 0x0000000611400000, 0x0000000611400000| Untracked 
|  70|0x0000000611800000, 0x0000000611800000, 0x0000000611c00000|  0%| F|  |TAMS 0x0000000611800000, 0x0000000611800000| Untracked 
|  71|0x0000000611c00000, 0x0000000612000000, 0x0000000612000000|100%| O|  |TAMS 0x0000000612000000, 0x0000000611c00000| Untracked 
|  72|0x0000000612000000, 0x0000000612400000, 0x0000000612400000|100%| O|  |TAMS 0x0000000612400000, 0x0000000612000000| Untracked 
|  73|0x0000000612400000, 0x0000000612800000, 0x0000000612800000|100%| O|  |TAMS 0x0000000612800000, 0x0000000612400000| Untracked 
|  74|0x0000000612800000, 0x0000000612c00000, 0x0000000612c00000|100%| O|  |TAMS 0x0000000612c00000, 0x0000000612800000| Untracked 
|  75|0x0000000612c00000, 0x0000000613000000, 0x0000000613000000|100%| O|  |TAMS 0x0000000613000000, 0x0000000612c00000| Untracked 
|  76|0x0000000613000000, 0x0000000613000000, 0x0000000613400000|  0%| F|  |TAMS 0x0000000613000000, 0x0000000613000000| Untracked 
|  77|0x0000000613400000, 0x0000000613800000, 0x0000000613800000|100%| O|  |TAMS 0x0000000613800000, 0x0000000613400000| Untracked 
|  78|0x0000000613800000, 0x0000000613b60400, 0x0000000613c00000| 84%| O|  |TAMS 0x0000000613b60400, 0x0000000613800000| Untracked 
|  79|0x0000000613c00000, 0x0000000613c00000, 0x0000000614000000|  0%| F|  |TAMS 0x0000000613c00000, 0x0000000613c00000| Untracked 
|  80|0x0000000614000000, 0x0000000614400000, 0x0000000614400000|100%| O|  |TAMS 0x0000000614000000, 0x0000000614000000| Untracked 
|  81|0x0000000614400000, 0x0000000614800000, 0x0000000614800000|100%| O|  |TAMS 0x0000000614400000, 0x0000000614400000| Untracked 
|  82|0x0000000614800000, 0x0000000614c00000, 0x0000000614c00000|100%| O|  |TAMS 0x0000000614800000, 0x0000000614800000| Untracked 
|  83|0x0000000614c00000, 0x0000000615000000, 0x0000000615000000|100%| O|  |TAMS 0x0000000614c00000, 0x0000000614c00000| Untracked 
|  84|0x0000000615000000, 0x0000000615000000, 0x0000000615400000|  0%| F|  |TAMS 0x0000000615000000, 0x0000000615000000| Untracked 
|  85|0x0000000615400000, 0x0000000615800000, 0x0000000615800000|100%| O|  |TAMS 0x0000000615800000, 0x0000000615400000| Untracked 
|  86|0x0000000615800000, 0x0000000615c00000, 0x0000000615c00000|100%| O|  |TAMS 0x0000000615c00000, 0x0000000615800000| Untracked 
|  87|0x0000000615c00000, 0x0000000616000000, 0x0000000616000000|100%| O|  |TAMS 0x0000000615c00000, 0x0000000615c00000| Untracked 
|  88|0x0000000616000000, 0x0000000616400000, 0x0000000616400000|100%| O|  |TAMS 0x0000000616000000, 0x0000000616000000| Untracked 
|  89|0x0000000616400000, 0x0000000616800000, 0x0000000616800000|100%| O|  |TAMS 0x0000000616800000, 0x0000000616400000| Untracked 
|  90|0x0000000616800000, 0x0000000616c00000, 0x0000000616c00000|100%| O|  |TAMS 0x0000000616c00000, 0x0000000616800000| Untracked 
|  91|0x0000000616c00000, 0x0000000616c00000, 0x0000000617000000|  0%| F|  |TAMS 0x0000000616c00000, 0x0000000616c00000| Untracked 
|  92|0x0000000617000000, 0x0000000617400000, 0x0000000617400000|100%| O|  |TAMS 0x0000000617000000, 0x0000000617000000| Untracked 
|  93|0x0000000617400000, 0x0000000617800000, 0x0000000617800000|100%| O|  |TAMS 0x0000000617800000, 0x0000000617400000| Untracked 
|  94|0x0000000617800000, 0x0000000617800000, 0x0000000617c00000|  0%| F|  |TAMS 0x0000000617800000, 0x0000000617800000| Untracked 
|  95|0x0000000617c00000, 0x0000000618000000, 0x0000000618000000|100%| O|  |TAMS 0x0000000618000000, 0x0000000617c00000| Untracked 
|  96|0x0000000618000000, 0x0000000618400000, 0x0000000618400000|100%| O|  |TAMS 0x0000000618000000, 0x0000000618000000| Untracked 
|  97|0x0000000618400000, 0x0000000618800000, 0x0000000618800000|100%| O|  |TAMS 0x0000000618400000, 0x0000000618400000| Untracked 
|  98|0x0000000618800000, 0x0000000618c00000, 0x0000000618c00000|100%| O|  |TAMS 0x0000000618800000, 0x0000000618800000| Untracked 
|  99|0x0000000618c00000, 0x0000000619000000, 0x0000000619000000|100%| O|  |TAMS 0x0000000618c00000, 0x0000000618c00000| Untracked 
| 100|0x0000000619000000, 0x0000000619400000, 0x0000000619400000|100%| O|  |TAMS 0x0000000619000000, 0x0000000619000000| Untracked 
| 101|0x0000000619400000, 0x0000000619800000, 0x0000000619800000|100%| O|  |TAMS 0x0000000619400000, 0x0000000619400000| Untracked 
| 102|0x0000000619800000, 0x0000000619c00000, 0x0000000619c00000|100%| O|  |TAMS 0x0000000619800000, 0x0000000619800000| Untracked 
| 103|0x0000000619c00000, 0x0000000619c00000, 0x000000061a000000|  0%| F|  |TAMS 0x0000000619c00000, 0x0000000619c00000| Untracked 
| 104|0x000000061a000000, 0x000000061a400000, 0x000000061a400000|100%| O|  |TAMS 0x000000061a400000, 0x000000061a000000| Untracked 
| 105|0x000000061a400000, 0x000000061a400000, 0x000000061a800000|  0%| F|  |TAMS 0x000000061a400000, 0x000000061a400000| Untracked 
| 106|0x000000061a800000, 0x000000061ac00000, 0x000000061ac00000|100%| O|  |TAMS 0x000000061a800000, 0x000000061a800000| Untracked 
| 107|0x000000061ac00000, 0x000000061b000000, 0x000000061b000000|100%| O|  |TAMS 0x000000061b000000, 0x000000061ac00000| Untracked 
| 108|0x000000061b000000, 0x000000061b000000, 0x000000061b400000|  0%| F|  |TAMS 0x000000061b000000, 0x000000061b000000| Untracked 
| 109|0x000000061b400000, 0x000000061b800000, 0x000000061b800000|100%| O|  |TAMS 0x000000061b400000, 0x000000061b400000| Untracked 
| 110|0x000000061b800000, 0x000000061b800000, 0x000000061bc00000|  0%| F|  |TAMS 0x000000061b800000, 0x000000061b800000| Untracked 
| 111|0x000000061bc00000, 0x000000061bc00000, 0x000000061c000000|  0%| F|  |TAMS 0x000000061bc00000, 0x000000061bc00000| Untracked 
| 112|0x000000061c000000, 0x000000061c000000, 0x000000061c400000|  0%| F|  |TAMS 0x000000061c000000, 0x000000061c000000| Untracked 
| 113|0x000000061c400000, 0x000000061c800000, 0x000000061c800000|100%| O|  |TAMS 0x000000061c400000, 0x000000061c400000| Untracked 
| 114|0x000000061c800000, 0x000000061c800000, 0x000000061cc00000|  0%| F|  |TAMS 0x000000061c800000, 0x000000061c800000| Untracked 
| 115|0x000000061cc00000, 0x000000061d000000, 0x000000061d000000|100%| O|  |TAMS 0x000000061cc00000, 0x000000061cc00000| Untracked 
| 116|0x000000061d000000, 0x000000061d400000, 0x000000061d400000|100%| O|  |TAMS 0x000000061d000000, 0x000000061d000000| Untracked 
| 117|0x000000061d400000, 0x000000061d800000, 0x000000061d800000|100%| O|  |TAMS 0x000000061d400000, 0x000000061d400000| Untracked 
| 118|0x000000061d800000, 0x000000061dc00000, 0x000000061dc00000|100%| O|  |TAMS 0x000000061d800000, 0x000000061d800000| Untracked 
| 119|0x000000061dc00000, 0x000000061df7ce00, 0x000000061e000000| 87%| O|  |TAMS 0x000000061dc00000, 0x000000061dc00000| Untracked 
| 120|0x000000061e000000, 0x000000061e000000, 0x000000061e400000|  0%| F|  |TAMS 0x000000061e000000, 0x000000061e000000| Untracked 
| 121|0x000000061e400000, 0x000000061e400000, 0x000000061e800000|  0%| F|  |TAMS 0x000000061e400000, 0x000000061e400000| Untracked 
| 122|0x000000061e800000, 0x000000061e800000, 0x000000061ec00000|  0%| F|  |TAMS 0x000000061e800000, 0x000000061e800000| Untracked 
| 123|0x000000061ec00000, 0x000000061ec00000, 0x000000061f000000|  0%| F|  |TAMS 0x000000061ec00000, 0x000000061ec00000| Untracked 
| 124|0x000000061f000000, 0x000000061f000000, 0x000000061f400000|  0%| F|  |TAMS 0x000000061f000000, 0x000000061f000000| Untracked 
| 125|0x000000061f400000, 0x000000061f400000, 0x000000061f800000|  0%| F|  |TAMS 0x000000061f400000, 0x000000061f400000| Untracked 
| 126|0x000000061f800000, 0x000000061f800000, 0x000000061fc00000|  0%| F|  |TAMS 0x000000061f800000, 0x000000061f800000| Untracked 
| 127|0x000000061fc00000, 0x000000061fc00000, 0x0000000620000000|  0%| F|  |TAMS 0x000000061fc00000, 0x000000061fc00000| Untracked 
| 128|0x0000000620000000, 0x0000000620000000, 0x0000000620400000|  0%| F|  |TAMS 0x0000000620000000, 0x0000000620000000| Untracked 
| 129|0x0000000620400000, 0x0000000620400000, 0x0000000620800000|  0%| F|  |TAMS 0x0000000620400000, 0x0000000620400000| Untracked 
| 130|0x0000000620800000, 0x0000000620800000, 0x0000000620c00000|  0%| F|  |TAMS 0x0000000620800000, 0x0000000620800000| Untracked 
| 131|0x0000000620c00000, 0x0000000620c00000, 0x0000000621000000|  0%| F|  |TAMS 0x0000000620c00000, 0x0000000620c00000| Untracked 
| 132|0x0000000621000000, 0x0000000621000000, 0x0000000621400000|  0%| F|  |TAMS 0x0000000621000000, 0x0000000621000000| Untracked 
| 133|0x0000000621400000, 0x0000000621400000, 0x0000000621800000|  0%| F|  |TAMS 0x0000000621400000, 0x0000000621400000| Untracked 
| 134|0x0000000621800000, 0x0000000621800000, 0x0000000621c00000|  0%| F|  |TAMS 0x0000000621800000, 0x0000000621800000| Untracked 
| 135|0x0000000621c00000, 0x0000000621c00000, 0x0000000622000000|  0%| F|  |TAMS 0x0000000621c00000, 0x0000000621c00000| Untracked 
| 136|0x0000000622000000, 0x0000000622000000, 0x0000000622400000|  0%| F|  |TAMS 0x0000000622000000, 0x0000000622000000| Untracked 
| 137|0x0000000622400000, 0x0000000622400000, 0x0000000622800000|  0%| F|  |TAMS 0x0000000622400000, 0x0000000622400000| Untracked 
| 138|0x0000000622800000, 0x0000000622800000, 0x0000000622c00000|  0%| F|  |TAMS 0x0000000622800000, 0x0000000622800000| Untracked 
| 139|0x0000000622c00000, 0x0000000622c00000, 0x0000000623000000|  0%| F|  |TAMS 0x0000000622c00000, 0x0000000622c00000| Untracked 
| 140|0x0000000623000000, 0x0000000623000000, 0x0000000623400000|  0%| F|  |TAMS 0x0000000623000000, 0x0000000623000000| Untracked 
| 141|0x0000000623400000, 0x0000000623400000, 0x0000000623800000|  0%| F|  |TAMS 0x0000000623400000, 0x0000000623400000| Untracked 
| 142|0x0000000623800000, 0x0000000623800000, 0x0000000623c00000|  0%| F|  |TAMS 0x0000000623800000, 0x0000000623800000| Untracked 
| 143|0x0000000623c00000, 0x0000000623c00000, 0x0000000624000000|  0%| F|  |TAMS 0x0000000623c00000, 0x0000000623c00000| Untracked 
| 144|0x0000000624000000, 0x0000000624000000, 0x0000000624400000|  0%| F|  |TAMS 0x0000000624000000, 0x0000000624000000| Untracked 
| 145|0x0000000624400000, 0x0000000624400000, 0x0000000624800000|  0%| F|  |TAMS 0x0000000624400000, 0x0000000624400000| Untracked 
| 146|0x0000000624800000, 0x0000000624800000, 0x0000000624c00000|  0%| F|  |TAMS 0x0000000624800000, 0x0000000624800000| Untracked 
| 147|0x0000000624c00000, 0x0000000624c00000, 0x0000000625000000|  0%| F|  |TAMS 0x0000000624c00000, 0x0000000624c00000| Untracked 
| 148|0x0000000625000000, 0x0000000625000000, 0x0000000625400000|  0%| F|  |TAMS 0x0000000625000000, 0x0000000625000000| Untracked 
| 149|0x0000000625400000, 0x0000000625400000, 0x0000000625800000|  0%| F|  |TAMS 0x0000000625400000, 0x0000000625400000| Untracked 
| 150|0x0000000625800000, 0x0000000625800000, 0x0000000625c00000|  0%| F|  |TAMS 0x0000000625800000, 0x0000000625800000| Untracked 
| 151|0x0000000625c00000, 0x0000000625c00000, 0x0000000626000000|  0%| F|  |TAMS 0x0000000625c00000, 0x0000000625c00000| Untracked 
| 152|0x0000000626000000, 0x0000000626000000, 0x0000000626400000|  0%| F|  |TAMS 0x0000000626000000, 0x0000000626000000| Untracked 
| 153|0x0000000626400000, 0x0000000626400000, 0x0000000626800000|  0%| F|  |TAMS 0x0000000626400000, 0x0000000626400000| Untracked 
| 154|0x0000000626800000, 0x0000000626800000, 0x0000000626c00000|  0%| F|  |TAMS 0x0000000626800000, 0x0000000626800000| Untracked 
| 155|0x0000000626c00000, 0x0000000626c00000, 0x0000000627000000|  0%| F|  |TAMS 0x0000000626c00000, 0x0000000626c00000| Untracked 
| 156|0x0000000627000000, 0x0000000627000000, 0x0000000627400000|  0%| F|  |TAMS 0x0000000627000000, 0x0000000627000000| Untracked 
| 157|0x0000000627400000, 0x0000000627400000, 0x0000000627800000|  0%| F|  |TAMS 0x0000000627400000, 0x0000000627400000| Untracked 
| 158|0x0000000627800000, 0x0000000627800000, 0x0000000627c00000|  0%| F|  |TAMS 0x0000000627800000, 0x0000000627800000| Untracked 
| 159|0x0000000627c00000, 0x0000000627c00000, 0x0000000628000000|  0%| F|  |TAMS 0x0000000627c00000, 0x0000000627c00000| Untracked 
| 160|0x0000000628000000, 0x0000000628000000, 0x0000000628400000|  0%| F|  |TAMS 0x0000000628000000, 0x0000000628000000| Untracked 
| 161|0x0000000628400000, 0x0000000628800000, 0x0000000628800000|100%| O|  |TAMS 0x0000000628800000, 0x0000000628400000| Untracked 
| 162|0x0000000628800000, 0x0000000628c00000, 0x0000000628c00000|100%| O|  |TAMS 0x0000000628c00000, 0x0000000628800000| Untracked 
| 163|0x0000000628c00000, 0x0000000628c00000, 0x0000000629000000|  0%| F|  |TAMS 0x0000000628c00000, 0x0000000628c00000| Untracked 
| 164|0x0000000629000000, 0x0000000629000000, 0x0000000629400000|  0%| F|  |TAMS 0x0000000629000000, 0x0000000629000000| Untracked 
| 165|0x0000000629400000, 0x0000000629800000, 0x0000000629800000|100%| O|  |TAMS 0x0000000629800000, 0x0000000629400000| Untracked 
| 166|0x0000000629800000, 0x0000000629c00000, 0x0000000629c00000|100%| O|  |TAMS 0x0000000629c00000, 0x0000000629800000| Untracked 
| 167|0x0000000629c00000, 0x000000062a000000, 0x000000062a000000|100%| O|  |TAMS 0x000000062a000000, 0x0000000629c00000| Untracked 
| 168|0x000000062a000000, 0x000000062a400000, 0x000000062a400000|100%| O|  |TAMS 0x000000062a400000, 0x000000062a000000| Untracked 
| 169|0x000000062a400000, 0x000000062a800000, 0x000000062a800000|100%| O|  |TAMS 0x000000062a800000, 0x000000062a400000| Untracked 
| 170|0x000000062a800000, 0x000000062ac00000, 0x000000062ac00000|100%| O|  |TAMS 0x000000062ac00000, 0x000000062a800000| Untracked 
| 171|0x000000062ac00000, 0x000000062b000000, 0x000000062b000000|100%| O|  |TAMS 0x000000062b000000, 0x000000062ac00000| Untracked 
| 172|0x000000062b000000, 0x000000062b400000, 0x000000062b400000|100%| O|  |TAMS 0x000000062b400000, 0x000000062b000000| Untracked 
| 173|0x000000062b400000, 0x000000062b800000, 0x000000062b800000|100%| O|  |TAMS 0x000000062b800000, 0x000000062b400000| Untracked 
| 174|0x000000062b800000, 0x000000062bc00000, 0x000000062bc00000|100%| O|  |TAMS 0x000000062bc00000, 0x000000062b800000| Untracked 
| 175|0x000000062bc00000, 0x000000062c000000, 0x000000062c000000|100%| O|  |TAMS 0x000000062c000000, 0x000000062bc00000| Untracked 
| 176|0x000000062c000000, 0x000000062c400000, 0x000000062c400000|100%| O|  |TAMS 0x000000062c400000, 0x000000062c000000| Untracked 
| 177|0x000000062c400000, 0x000000062c800000, 0x000000062c800000|100%| O|  |TAMS 0x000000062c800000, 0x000000062c400000| Untracked 
| 178|0x000000062c800000, 0x000000062cc00000, 0x000000062cc00000|100%| O|  |TAMS 0x000000062cc00000, 0x000000062c800000| Untracked 
| 179|0x000000062cc00000, 0x000000062d000000, 0x000000062d000000|100%| O|  |TAMS 0x000000062d000000, 0x000000062cc00000| Untracked 
| 180|0x000000062d000000, 0x000000062d400000, 0x000000062d400000|100%| O|  |TAMS 0x000000062d400000, 0x000000062d000000| Untracked 
| 181|0x000000062d400000, 0x000000062d800000, 0x000000062d800000|100%| O|  |TAMS 0x000000062d800000, 0x000000062d400000| Untracked 
| 182|0x000000062d800000, 0x000000062dc00000, 0x000000062dc00000|100%| O|  |TAMS 0x000000062dc00000, 0x000000062d800000| Untracked 
| 183|0x000000062dc00000, 0x000000062e000000, 0x000000062e000000|100%| O|  |TAMS 0x000000062e000000, 0x000000062dc00000| Untracked 
| 184|0x000000062e000000, 0x000000062e000000, 0x000000062e400000|  0%| F|  |TAMS 0x000000062e000000, 0x000000062e000000| Untracked 
| 185|0x000000062e400000, 0x000000062e400000, 0x000000062e800000|  0%| F|  |TAMS 0x000000062e400000, 0x000000062e400000| Untracked 
| 186|0x000000062e800000, 0x000000062e800000, 0x000000062ec00000|  0%| F|  |TAMS 0x000000062e800000, 0x000000062e800000| Untracked 
| 187|0x000000062ec00000, 0x000000062ec00000, 0x000000062f000000|  0%| F|  |TAMS 0x000000062ec00000, 0x000000062ec00000| Untracked 
| 188|0x000000062f000000, 0x000000062f000000, 0x000000062f400000|  0%| F|  |TAMS 0x000000062f000000, 0x000000062f000000| Untracked 
| 189|0x000000062f400000, 0x000000062f400000, 0x000000062f800000|  0%| F|  |TAMS 0x000000062f400000, 0x000000062f400000| Untracked 
| 190|0x000000062f800000, 0x000000062f800000, 0x000000062fc00000|  0%| F|  |TAMS 0x000000062f800000, 0x000000062f800000| Untracked 
| 191|0x000000062fc00000, 0x000000062fc00000, 0x0000000630000000|  0%| F|  |TAMS 0x000000062fc00000, 0x000000062fc00000| Untracked 
| 192|0x0000000630000000, 0x0000000630000000, 0x0000000630400000|  0%| F|  |TAMS 0x0000000630000000, 0x0000000630000000| Untracked 
| 193|0x0000000630400000, 0x0000000630400000, 0x0000000630800000|  0%| F|  |TAMS 0x0000000630400000, 0x0000000630400000| Untracked 
| 194|0x0000000630800000, 0x0000000630800000, 0x0000000630c00000|  0%| F|  |TAMS 0x0000000630800000, 0x0000000630800000| Untracked 
| 195|0x0000000630c00000, 0x0000000630c00000, 0x0000000631000000|  0%| F|  |TAMS 0x0000000630c00000, 0x0000000630c00000| Untracked 
| 196|0x0000000631000000, 0x0000000631000000, 0x0000000631400000|  0%| F|  |TAMS 0x0000000631000000, 0x0000000631000000| Untracked 
| 197|0x0000000631400000, 0x0000000631400000, 0x0000000631800000|  0%| F|  |TAMS 0x0000000631400000, 0x0000000631400000| Untracked 
| 198|0x0000000631800000, 0x0000000631800000, 0x0000000631c00000|  0%| F|  |TAMS 0x0000000631800000, 0x0000000631800000| Untracked 
| 199|0x0000000631c00000, 0x0000000631c00000, 0x0000000632000000|  0%| F|  |TAMS 0x0000000631c00000, 0x0000000631c00000| Untracked 
| 200|0x0000000632000000, 0x0000000632000000, 0x0000000632400000|  0%| F|  |TAMS 0x0000000632000000, 0x0000000632000000| Untracked 
| 201|0x0000000632400000, 0x0000000632400000, 0x0000000632800000|  0%| F|  |TAMS 0x0000000632400000, 0x0000000632400000| Untracked 
| 202|0x0000000632800000, 0x0000000632800000, 0x0000000632c00000|  0%| F|  |TAMS 0x0000000632800000, 0x0000000632800000| Untracked 
| 203|0x0000000632c00000, 0x0000000632c00000, 0x0000000633000000|  0%| F|  |TAMS 0x0000000632c00000, 0x0000000632c00000| Untracked 
| 204|0x0000000633000000, 0x0000000633000000, 0x0000000633400000|  0%| F|  |TAMS 0x0000000633000000, 0x0000000633000000| Untracked 
| 205|0x0000000633400000, 0x0000000633400000, 0x0000000633800000|  0%| F|  |TAMS 0x0000000633400000, 0x0000000633400000| Untracked 
| 206|0x0000000633800000, 0x0000000633800000, 0x0000000633c00000|  0%| F|  |TAMS 0x0000000633800000, 0x0000000633800000| Untracked 
| 207|0x0000000633c00000, 0x0000000633c00000, 0x0000000634000000|  0%| F|  |TAMS 0x0000000633c00000, 0x0000000633c00000| Untracked 
| 208|0x0000000634000000, 0x0000000634000000, 0x0000000634400000|  0%| F|  |TAMS 0x0000000634000000, 0x0000000634000000| Untracked 
| 209|0x0000000634400000, 0x0000000634400000, 0x0000000634800000|  0%| F|  |TAMS 0x0000000634400000, 0x0000000634400000| Untracked 
| 210|0x0000000634800000, 0x0000000634800000, 0x0000000634c00000|  0%| F|  |TAMS 0x0000000634800000, 0x0000000634800000| Untracked 
| 211|0x0000000634c00000, 0x0000000634c00000, 0x0000000635000000|  0%| F|  |TAMS 0x0000000634c00000, 0x0000000634c00000| Untracked 
| 212|0x0000000635000000, 0x0000000635000000, 0x0000000635400000|  0%| F|  |TAMS 0x0000000635000000, 0x0000000635000000| Untracked 
| 213|0x0000000635400000, 0x0000000635400000, 0x0000000635800000|  0%| F|  |TAMS 0x0000000635400000, 0x0000000635400000| Untracked 
| 214|0x0000000635800000, 0x0000000635800000, 0x0000000635c00000|  0%| F|  |TAMS 0x0000000635800000, 0x0000000635800000| Untracked 
| 215|0x0000000635c00000, 0x0000000635c00000, 0x0000000636000000|  0%| F|  |TAMS 0x0000000635c00000, 0x0000000635c00000| Untracked 
| 216|0x0000000636000000, 0x0000000636000000, 0x0000000636400000|  0%| F|  |TAMS 0x0000000636000000, 0x0000000636000000| Untracked 
| 217|0x0000000636400000, 0x0000000636400000, 0x0000000636800000|  0%| F|  |TAMS 0x0000000636400000, 0x0000000636400000| Untracked 
| 218|0x0000000636800000, 0x0000000636800000, 0x0000000636c00000|  0%| F|  |TAMS 0x0000000636800000, 0x0000000636800000| Untracked 
| 219|0x0000000636c00000, 0x0000000636c00000, 0x0000000637000000|  0%| F|  |TAMS 0x0000000636c00000, 0x0000000636c00000| Untracked 
| 220|0x0000000637000000, 0x0000000637000000, 0x0000000637400000|  0%| F|  |TAMS 0x0000000637000000, 0x0000000637000000| Untracked 
| 221|0x0000000637400000, 0x0000000637400000, 0x0000000637800000|  0%| F|  |TAMS 0x0000000637400000, 0x0000000637400000| Untracked 
| 222|0x0000000637800000, 0x0000000637800000, 0x0000000637c00000|  0%| F|  |TAMS 0x0000000637800000, 0x0000000637800000| Untracked 
| 223|0x0000000637c00000, 0x0000000637c00000, 0x0000000638000000|  0%| F|  |TAMS 0x0000000637c00000, 0x0000000637c00000| Untracked 
| 224|0x0000000638000000, 0x0000000638000000, 0x0000000638400000|  0%| F|  |TAMS 0x0000000638000000, 0x0000000638000000| Untracked 
| 225|0x0000000638400000, 0x0000000638400000, 0x0000000638800000|  0%| F|  |TAMS 0x0000000638400000, 0x0000000638400000| Untracked 
| 226|0x0000000638800000, 0x0000000638800000, 0x0000000638c00000|  0%| F|  |TAMS 0x0000000638800000, 0x0000000638800000| Untracked 
| 227|0x0000000638c00000, 0x0000000638c00000, 0x0000000639000000|  0%| F|  |TAMS 0x0000000638c00000, 0x0000000638c00000| Untracked 
| 228|0x0000000639000000, 0x0000000639000000, 0x0000000639400000|  0%| F|  |TAMS 0x0000000639000000, 0x0000000639000000| Untracked 
| 229|0x0000000639400000, 0x0000000639400000, 0x0000000639800000|  0%| F|  |TAMS 0x0000000639400000, 0x0000000639400000| Untracked 
| 230|0x0000000639800000, 0x0000000639800000, 0x0000000639c00000|  0%| F|  |TAMS 0x0000000639800000, 0x0000000639800000| Untracked 
| 231|0x0000000639c00000, 0x0000000639c00000, 0x000000063a000000|  0%| F|  |TAMS 0x0000000639c00000, 0x0000000639c00000| Untracked 
| 232|0x000000063a000000, 0x000000063a000000, 0x000000063a400000|  0%| F|  |TAMS 0x000000063a000000, 0x000000063a000000| Untracked 
| 233|0x000000063a400000, 0x000000063a400000, 0x000000063a800000|  0%| F|  |TAMS 0x000000063a400000, 0x000000063a400000| Untracked 
| 234|0x000000063a800000, 0x000000063a800000, 0x000000063ac00000|  0%| F|  |TAMS 0x000000063a800000, 0x000000063a800000| Untracked 
| 235|0x000000063ac00000, 0x000000063ac00000, 0x000000063b000000|  0%| F|  |TAMS 0x000000063ac00000, 0x000000063ac00000| Untracked 
| 236|0x000000063b000000, 0x000000063b000000, 0x000000063b400000|  0%| F|  |TAMS 0x000000063b000000, 0x000000063b000000| Untracked 
| 237|0x000000063b400000, 0x000000063b400000, 0x000000063b800000|  0%| F|  |TAMS 0x000000063b400000, 0x000000063b400000| Untracked 
| 238|0x000000063b800000, 0x000000063b800000, 0x000000063bc00000|  0%| F|  |TAMS 0x000000063b800000, 0x000000063b800000| Untracked 
| 239|0x000000063bc00000, 0x000000063bc00000, 0x000000063c000000|  0%| F|  |TAMS 0x000000063bc00000, 0x000000063bc00000| Untracked 
| 240|0x000000063c000000, 0x000000063c000000, 0x000000063c400000|  0%| F|  |TAMS 0x000000063c000000, 0x000000063c000000| Untracked 
| 241|0x000000063c400000, 0x000000063c400000, 0x000000063c800000|  0%| F|  |TAMS 0x000000063c400000, 0x000000063c400000| Untracked 
| 242|0x000000063c800000, 0x000000063c800000, 0x000000063cc00000|  0%| F|  |TAMS 0x000000063c800000, 0x000000063c800000| Untracked 
| 243|0x000000063cc00000, 0x000000063cc00000, 0x000000063d000000|  0%| F|  |TAMS 0x000000063cc00000, 0x000000063cc00000| Untracked 
| 244|0x000000063d000000, 0x000000063d000000, 0x000000063d400000|  0%| F|  |TAMS 0x000000063d000000, 0x000000063d000000| Untracked 
| 245|0x000000063d400000, 0x000000063d400000, 0x000000063d800000|  0%| F|  |TAMS 0x000000063d400000, 0x000000063d400000| Untracked 
| 246|0x000000063d800000, 0x000000063d800000, 0x000000063dc00000|  0%| F|  |TAMS 0x000000063d800000, 0x000000063d800000| Untracked 
| 247|0x000000063dc00000, 0x000000063dc00000, 0x000000063e000000|  0%| F|  |TAMS 0x000000063dc00000, 0x000000063dc00000| Untracked 
| 248|0x000000063e000000, 0x000000063e000000, 0x000000063e400000|  0%| F|  |TAMS 0x000000063e000000, 0x000000063e000000| Untracked 
| 249|0x000000063e400000, 0x000000063e400000, 0x000000063e800000|  0%| F|  |TAMS 0x000000063e400000, 0x000000063e400000| Untracked 
| 250|0x000000063e800000, 0x000000063e800000, 0x000000063ec00000|  0%| F|  |TAMS 0x000000063e800000, 0x000000063e800000| Untracked 
| 251|0x000000063ec00000, 0x000000063ec00000, 0x000000063f000000|  0%| F|  |TAMS 0x000000063ec00000, 0x000000063ec00000| Untracked 
| 252|0x000000063f000000, 0x000000063f000000, 0x000000063f400000|  0%| F|  |TAMS 0x000000063f000000, 0x000000063f000000| Untracked 
| 253|0x000000063f400000, 0x000000063f400000, 0x000000063f800000|  0%| F|  |TAMS 0x000000063f400000, 0x000000063f400000| Untracked 
| 254|0x000000063f800000, 0x000000063f800000, 0x000000063fc00000|  0%| F|  |TAMS 0x000000063f800000, 0x000000063f800000| Untracked 
| 255|0x000000063fc00000, 0x000000063fc00000, 0x0000000640000000|  0%| F|  |TAMS 0x000000063fc00000, 0x000000063fc00000| Untracked 
| 256|0x0000000640000000, 0x0000000640000000, 0x0000000640400000|  0%| F|  |TAMS 0x0000000640000000, 0x0000000640000000| Untracked 
| 257|0x0000000640400000, 0x0000000640400000, 0x0000000640800000|  0%| F|  |TAMS 0x0000000640400000, 0x0000000640400000| Untracked 
| 258|0x0000000640800000, 0x0000000640800000, 0x0000000640c00000|  0%| F|  |TAMS 0x0000000640800000, 0x0000000640800000| Untracked 
| 259|0x0000000640c00000, 0x0000000640c00000, 0x0000000641000000|  0%| F|  |TAMS 0x0000000640c00000, 0x0000000640c00000| Untracked 
| 260|0x0000000641000000, 0x0000000641000000, 0x0000000641400000|  0%| F|  |TAMS 0x0000000641000000, 0x0000000641000000| Untracked 
| 261|0x0000000641400000, 0x0000000641400000, 0x0000000641800000|  0%| F|  |TAMS 0x0000000641400000, 0x0000000641400000| Untracked 
| 262|0x0000000641800000, 0x0000000641800000, 0x0000000641c00000|  0%| F|  |TAMS 0x0000000641800000, 0x0000000641800000| Untracked 
| 263|0x0000000641c00000, 0x0000000641c00000, 0x0000000642000000|  0%| F|  |TAMS 0x0000000641c00000, 0x0000000641c00000| Untracked 
| 264|0x0000000642000000, 0x0000000642000000, 0x0000000642400000|  0%| F|  |TAMS 0x0000000642000000, 0x0000000642000000| Untracked 
| 265|0x0000000642400000, 0x0000000642400000, 0x0000000642800000|  0%| F|  |TAMS 0x0000000642400000, 0x0000000642400000| Untracked 
| 266|0x0000000642800000, 0x0000000642800000, 0x0000000642c00000|  0%| F|  |TAMS 0x0000000642800000, 0x0000000642800000| Untracked 
| 267|0x0000000642c00000, 0x0000000642c00000, 0x0000000643000000|  0%| F|  |TAMS 0x0000000642c00000, 0x0000000642c00000| Untracked 
| 268|0x0000000643000000, 0x0000000643000000, 0x0000000643400000|  0%| F|  |TAMS 0x0000000643000000, 0x0000000643000000| Untracked 
| 269|0x0000000643400000, 0x0000000643400000, 0x0000000643800000|  0%| F|  |TAMS 0x0000000643400000, 0x0000000643400000| Untracked 
| 270|0x0000000643800000, 0x0000000643800000, 0x0000000643c00000|  0%| F|  |TAMS 0x0000000643800000, 0x0000000643800000| Untracked 
| 271|0x0000000643c00000, 0x0000000643c00000, 0x0000000644000000|  0%| F|  |TAMS 0x0000000643c00000, 0x0000000643c00000| Untracked 
| 272|0x0000000644000000, 0x0000000644000000, 0x0000000644400000|  0%| F|  |TAMS 0x0000000644000000, 0x0000000644000000| Untracked 
| 273|0x0000000644400000, 0x0000000644400000, 0x0000000644800000|  0%| F|  |TAMS 0x0000000644400000, 0x0000000644400000| Untracked 
| 274|0x0000000644800000, 0x0000000644800000, 0x0000000644c00000|  0%| F|  |TAMS 0x0000000644800000, 0x0000000644800000| Untracked 
| 275|0x0000000644c00000, 0x0000000644c00000, 0x0000000645000000|  0%| F|  |TAMS 0x0000000644c00000, 0x0000000644c00000| Untracked 
| 276|0x0000000645000000, 0x0000000645000000, 0x0000000645400000|  0%| F|  |TAMS 0x0000000645000000, 0x0000000645000000| Untracked 
| 277|0x0000000645400000, 0x0000000645400000, 0x0000000645800000|  0%| F|  |TAMS 0x0000000645400000, 0x0000000645400000| Untracked 
| 278|0x0000000645800000, 0x0000000645800000, 0x0000000645c00000|  0%| F|  |TAMS 0x0000000645800000, 0x0000000645800000| Untracked 
| 279|0x0000000645c00000, 0x0000000645c00000, 0x0000000646000000|  0%| F|  |TAMS 0x0000000645c00000, 0x0000000645c00000| Untracked 
| 280|0x0000000646000000, 0x0000000646000000, 0x0000000646400000|  0%| F|  |TAMS 0x0000000646000000, 0x0000000646000000| Untracked 
| 281|0x0000000646400000, 0x0000000646400000, 0x0000000646800000|  0%| F|  |TAMS 0x0000000646400000, 0x0000000646400000| Untracked 
| 282|0x0000000646800000, 0x0000000646800000, 0x0000000646c00000|  0%| F|  |TAMS 0x0000000646800000, 0x0000000646800000| Untracked 
| 283|0x0000000646c00000, 0x0000000646c00000, 0x0000000647000000|  0%| F|  |TAMS 0x0000000646c00000, 0x0000000646c00000| Untracked 
| 284|0x0000000647000000, 0x0000000647000000, 0x0000000647400000|  0%| F|  |TAMS 0x0000000647000000, 0x0000000647000000| Untracked 
| 285|0x0000000647400000, 0x0000000647400000, 0x0000000647800000|  0%| F|  |TAMS 0x0000000647400000, 0x0000000647400000| Untracked 
| 286|0x0000000647800000, 0x0000000647800000, 0x0000000647c00000|  0%| F|  |TAMS 0x0000000647800000, 0x0000000647800000| Untracked 
| 287|0x0000000647c00000, 0x0000000647c00000, 0x0000000648000000|  0%| F|  |TAMS 0x0000000647c00000, 0x0000000647c00000| Untracked 
| 288|0x0000000648000000, 0x0000000648000000, 0x0000000648400000|  0%| F|  |TAMS 0x0000000648000000, 0x0000000648000000| Untracked 
| 289|0x0000000648400000, 0x0000000648400000, 0x0000000648800000|  0%| F|  |TAMS 0x0000000648400000, 0x0000000648400000| Untracked 
| 290|0x0000000648800000, 0x0000000648800000, 0x0000000648c00000|  0%| F|  |TAMS 0x0000000648800000, 0x0000000648800000| Untracked 
| 291|0x0000000648c00000, 0x0000000648c00000, 0x0000000649000000|  0%| F|  |TAMS 0x0000000648c00000, 0x0000000648c00000| Untracked 
| 292|0x0000000649000000, 0x0000000649000000, 0x0000000649400000|  0%| F|  |TAMS 0x0000000649000000, 0x0000000649000000| Untracked 
| 293|0x0000000649400000, 0x0000000649400000, 0x0000000649800000|  0%| F|  |TAMS 0x0000000649400000, 0x0000000649400000| Untracked 
| 294|0x0000000649800000, 0x0000000649800000, 0x0000000649c00000|  0%| F|  |TAMS 0x0000000649800000, 0x0000000649800000| Untracked 
| 295|0x0000000649c00000, 0x0000000649c00000, 0x000000064a000000|  0%| F|  |TAMS 0x0000000649c00000, 0x0000000649c00000| Untracked 
| 296|0x000000064a000000, 0x000000064a000000, 0x000000064a400000|  0%| F|  |TAMS 0x000000064a000000, 0x000000064a000000| Untracked 
| 297|0x000000064a400000, 0x000000064a400000, 0x000000064a800000|  0%| F|  |TAMS 0x000000064a400000, 0x000000064a400000| Untracked 
| 298|0x000000064a800000, 0x000000064a800000, 0x000000064ac00000|  0%| F|  |TAMS 0x000000064a800000, 0x000000064a800000| Untracked 
| 299|0x000000064ac00000, 0x000000064ac00000, 0x000000064b000000|  0%| F|  |TAMS 0x000000064ac00000, 0x000000064ac00000| Untracked 
| 300|0x000000064b000000, 0x000000064b000000, 0x000000064b400000|  0%| F|  |TAMS 0x000000064b000000, 0x000000064b000000| Untracked 
| 301|0x000000064b400000, 0x000000064b400000, 0x000000064b800000|  0%| F|  |TAMS 0x000000064b400000, 0x000000064b400000| Untracked 
| 302|0x000000064b800000, 0x000000064b800000, 0x000000064bc00000|  0%| F|  |TAMS 0x000000064b800000, 0x000000064b800000| Untracked 
| 303|0x000000064bc00000, 0x000000064bc00000, 0x000000064c000000|  0%| F|  |TAMS 0x000000064bc00000, 0x000000064bc00000| Untracked 
| 304|0x000000064c000000, 0x000000064c000000, 0x000000064c400000|  0%| F|  |TAMS 0x000000064c000000, 0x000000064c000000| Untracked 
| 305|0x000000064c400000, 0x000000064c400000, 0x000000064c800000|  0%| F|  |TAMS 0x000000064c400000, 0x000000064c400000| Untracked 
| 306|0x000000064c800000, 0x000000064c800000, 0x000000064cc00000|  0%| F|  |TAMS 0x000000064c800000, 0x000000064c800000| Untracked 
| 307|0x000000064cc00000, 0x000000064cc00000, 0x000000064d000000|  0%| F|  |TAMS 0x000000064cc00000, 0x000000064cc00000| Untracked 
| 308|0x000000064d000000, 0x000000064d000000, 0x000000064d400000|  0%| F|  |TAMS 0x000000064d000000, 0x000000064d000000| Untracked 
| 309|0x000000064d400000, 0x000000064d400000, 0x000000064d800000|  0%| F|  |TAMS 0x000000064d400000, 0x000000064d400000| Untracked 
| 310|0x000000064d800000, 0x000000064d800000, 0x000000064dc00000|  0%| F|  |TAMS 0x000000064d800000, 0x000000064d800000| Untracked 
| 311|0x000000064dc00000, 0x000000064dc00000, 0x000000064e000000|  0%| F|  |TAMS 0x000000064dc00000, 0x000000064dc00000| Untracked 
| 312|0x000000064e000000, 0x000000064e000000, 0x000000064e400000|  0%| F|  |TAMS 0x000000064e000000, 0x000000064e000000| Untracked 
| 313|0x000000064e400000, 0x000000064e400000, 0x000000064e800000|  0%| F|  |TAMS 0x000000064e400000, 0x000000064e400000| Untracked 
| 314|0x000000064e800000, 0x000000064e800000, 0x000000064ec00000|  0%| F|  |TAMS 0x000000064e800000, 0x000000064e800000| Untracked 
| 315|0x000000064ec00000, 0x000000064ec00000, 0x000000064f000000|  0%| F|  |TAMS 0x000000064ec00000, 0x000000064ec00000| Untracked 
| 316|0x000000064f000000, 0x000000064f000000, 0x000000064f400000|  0%| F|  |TAMS 0x000000064f000000, 0x000000064f000000| Untracked 
| 317|0x000000064f400000, 0x000000064f400000, 0x000000064f800000|  0%| F|  |TAMS 0x000000064f400000, 0x000000064f400000| Untracked 
| 318|0x000000064f800000, 0x000000064f800000, 0x000000064fc00000|  0%| F|  |TAMS 0x000000064f800000, 0x000000064f800000| Untracked 
| 319|0x000000064fc00000, 0x000000064fc00000, 0x0000000650000000|  0%| F|  |TAMS 0x000000064fc00000, 0x000000064fc00000| Untracked 
| 320|0x0000000650000000, 0x0000000650000000, 0x0000000650400000|  0%| F|  |TAMS 0x0000000650000000, 0x0000000650000000| Untracked 
| 321|0x0000000650400000, 0x0000000650400000, 0x0000000650800000|  0%| F|  |TAMS 0x0000000650400000, 0x0000000650400000| Untracked 
| 322|0x0000000650800000, 0x0000000650800000, 0x0000000650c00000|  0%| F|  |TAMS 0x0000000650800000, 0x0000000650800000| Untracked 
| 323|0x0000000650c00000, 0x0000000650c00000, 0x0000000651000000|  0%| F|  |TAMS 0x0000000650c00000, 0x0000000650c00000| Untracked 
| 324|0x0000000651000000, 0x0000000651000000, 0x0000000651400000|  0%| F|  |TAMS 0x0000000651000000, 0x0000000651000000| Untracked 
| 325|0x0000000651400000, 0x0000000651400000, 0x0000000651800000|  0%| F|  |TAMS 0x0000000651400000, 0x0000000651400000| Untracked 
| 326|0x0000000651800000, 0x0000000651800000, 0x0000000651c00000|  0%| F|  |TAMS 0x0000000651800000, 0x0000000651800000| Untracked 
| 327|0x0000000651c00000, 0x0000000651c00000, 0x0000000652000000|  0%| F|  |TAMS 0x0000000651c00000, 0x0000000651c00000| Untracked 
| 328|0x0000000652000000, 0x0000000652000000, 0x0000000652400000|  0%| F|  |TAMS 0x0000000652000000, 0x0000000652000000| Untracked 
| 329|0x0000000652400000, 0x0000000652400000, 0x0000000652800000|  0%| F|  |TAMS 0x0000000652400000, 0x0000000652400000| Untracked 
| 330|0x0000000652800000, 0x0000000652800000, 0x0000000652c00000|  0%| F|  |TAMS 0x0000000652800000, 0x0000000652800000| Untracked 
| 331|0x0000000652c00000, 0x0000000652c00000, 0x0000000653000000|  0%| F|  |TAMS 0x0000000652c00000, 0x0000000652c00000| Untracked 
| 332|0x0000000653000000, 0x0000000653000000, 0x0000000653400000|  0%| F|  |TAMS 0x0000000653000000, 0x0000000653000000| Untracked 
| 333|0x0000000653400000, 0x0000000653400000, 0x0000000653800000|  0%| F|  |TAMS 0x0000000653400000, 0x0000000653400000| Untracked 
| 334|0x0000000653800000, 0x0000000653800000, 0x0000000653c00000|  0%| F|  |TAMS 0x0000000653800000, 0x0000000653800000| Untracked 
| 335|0x0000000653c00000, 0x0000000653c00000, 0x0000000654000000|  0%| F|  |TAMS 0x0000000653c00000, 0x0000000653c00000| Untracked 
| 336|0x0000000654000000, 0x0000000654000000, 0x0000000654400000|  0%| F|  |TAMS 0x0000000654000000, 0x0000000654000000| Untracked 
| 337|0x0000000654400000, 0x0000000654400000, 0x0000000654800000|  0%| F|  |TAMS 0x0000000654400000, 0x0000000654400000| Untracked 
| 338|0x0000000654800000, 0x0000000654800000, 0x0000000654c00000|  0%| F|  |TAMS 0x0000000654800000, 0x0000000654800000| Untracked 
| 339|0x0000000654c00000, 0x0000000654c00000, 0x0000000655000000|  0%| F|  |TAMS 0x0000000654c00000, 0x0000000654c00000| Untracked 
| 340|0x0000000655000000, 0x0000000655000000, 0x0000000655400000|  0%| F|  |TAMS 0x0000000655000000, 0x0000000655000000| Untracked 
| 341|0x0000000655400000, 0x0000000655400000, 0x0000000655800000|  0%| F|  |TAMS 0x0000000655400000, 0x0000000655400000| Untracked 
| 342|0x0000000655800000, 0x0000000655800000, 0x0000000655c00000|  0%| F|  |TAMS 0x0000000655800000, 0x0000000655800000| Untracked 
| 343|0x0000000655c00000, 0x0000000655c00000, 0x0000000656000000|  0%| F|  |TAMS 0x0000000655c00000, 0x0000000655c00000| Untracked 
| 344|0x0000000656000000, 0x0000000656000000, 0x0000000656400000|  0%| F|  |TAMS 0x0000000656000000, 0x0000000656000000| Untracked 
| 345|0x0000000656400000, 0x0000000656400000, 0x0000000656800000|  0%| F|  |TAMS 0x0000000656400000, 0x0000000656400000| Untracked 
| 346|0x0000000656800000, 0x0000000656800000, 0x0000000656c00000|  0%| F|  |TAMS 0x0000000656800000, 0x0000000656800000| Untracked 
| 347|0x0000000656c00000, 0x0000000656c00000, 0x0000000657000000|  0%| F|  |TAMS 0x0000000656c00000, 0x0000000656c00000| Untracked 
| 348|0x0000000657000000, 0x0000000657000000, 0x0000000657400000|  0%| F|  |TAMS 0x0000000657000000, 0x0000000657000000| Untracked 
| 349|0x0000000657400000, 0x0000000657400000, 0x0000000657800000|  0%| F|  |TAMS 0x0000000657400000, 0x0000000657400000| Untracked 
| 350|0x0000000657800000, 0x0000000657800000, 0x0000000657c00000|  0%| F|  |TAMS 0x0000000657800000, 0x0000000657800000| Untracked 
| 351|0x0000000657c00000, 0x0000000657c00000, 0x0000000658000000|  0%| F|  |TAMS 0x0000000657c00000, 0x0000000657c00000| Untracked 
| 352|0x0000000658000000, 0x0000000658000000, 0x0000000658400000|  0%| F|  |TAMS 0x0000000658000000, 0x0000000658000000| Untracked 
| 353|0x0000000658400000, 0x0000000658400000, 0x0000000658800000|  0%| F|  |TAMS 0x0000000658400000, 0x0000000658400000| Untracked 
| 354|0x0000000658800000, 0x0000000658800000, 0x0000000658c00000|  0%| F|  |TAMS 0x0000000658800000, 0x0000000658800000| Untracked 
| 355|0x0000000658c00000, 0x0000000658c00000, 0x0000000659000000|  0%| F|  |TAMS 0x0000000658c00000, 0x0000000658c00000| Untracked 
| 356|0x0000000659000000, 0x0000000659000000, 0x0000000659400000|  0%| F|  |TAMS 0x0000000659000000, 0x0000000659000000| Untracked 
| 357|0x0000000659400000, 0x0000000659400000, 0x0000000659800000|  0%| F|  |TAMS 0x0000000659400000, 0x0000000659400000| Untracked 
| 358|0x0000000659800000, 0x0000000659800000, 0x0000000659c00000|  0%| F|  |TAMS 0x0000000659800000, 0x0000000659800000| Untracked 
| 359|0x0000000659c00000, 0x0000000659c00000, 0x000000065a000000|  0%| F|  |TAMS 0x0000000659c00000, 0x0000000659c00000| Untracked 
| 360|0x000000065a000000, 0x000000065a000000, 0x000000065a400000|  0%| F|  |TAMS 0x000000065a000000, 0x000000065a000000| Untracked 
| 361|0x000000065a400000, 0x000000065a400000, 0x000000065a800000|  0%| F|  |TAMS 0x000000065a400000, 0x000000065a400000| Untracked 
| 362|0x000000065a800000, 0x000000065a800000, 0x000000065ac00000|  0%| F|  |TAMS 0x000000065a800000, 0x000000065a800000| Untracked 
| 363|0x000000065ac00000, 0x000000065ac00000, 0x000000065b000000|  0%| F|  |TAMS 0x000000065ac00000, 0x000000065ac00000| Untracked 
| 364|0x000000065b000000, 0x000000065b000000, 0x000000065b400000|  0%| F|  |TAMS 0x000000065b000000, 0x000000065b000000| Untracked 
| 365|0x000000065b400000, 0x000000065b400000, 0x000000065b800000|  0%| F|  |TAMS 0x000000065b400000, 0x000000065b400000| Untracked 
| 366|0x000000065b800000, 0x000000065b800000, 0x000000065bc00000|  0%| F|  |TAMS 0x000000065b800000, 0x000000065b800000| Untracked 
| 367|0x000000065bc00000, 0x000000065bc00000, 0x000000065c000000|  0%| F|  |TAMS 0x000000065bc00000, 0x000000065bc00000| Untracked 
| 368|0x000000065c000000, 0x000000065c000000, 0x000000065c400000|  0%| F|  |TAMS 0x000000065c000000, 0x000000065c000000| Untracked 
| 369|0x000000065c400000, 0x000000065c400000, 0x000000065c800000|  0%| F|  |TAMS 0x000000065c400000, 0x000000065c400000| Untracked 
| 370|0x000000065c800000, 0x000000065c800000, 0x000000065cc00000|  0%| F|  |TAMS 0x000000065c800000, 0x000000065c800000| Untracked 
| 371|0x000000065cc00000, 0x000000065cc00000, 0x000000065d000000|  0%| F|  |TAMS 0x000000065cc00000, 0x000000065cc00000| Untracked 
| 372|0x000000065d000000, 0x000000065d000000, 0x000000065d400000|  0%| F|  |TAMS 0x000000065d000000, 0x000000065d000000| Untracked 
| 373|0x000000065d400000, 0x000000065d400000, 0x000000065d800000|  0%| F|  |TAMS 0x000000065d400000, 0x000000065d400000| Untracked 
| 374|0x000000065d800000, 0x000000065d800000, 0x000000065dc00000|  0%| F|  |TAMS 0x000000065d800000, 0x000000065d800000| Untracked 
| 375|0x000000065dc00000, 0x000000065dc00000, 0x000000065e000000|  0%| F|  |TAMS 0x000000065dc00000, 0x000000065dc00000| Untracked 
| 376|0x000000065e000000, 0x000000065e000000, 0x000000065e400000|  0%| F|  |TAMS 0x000000065e000000, 0x000000065e000000| Untracked 
| 377|0x000000065e400000, 0x000000065e400000, 0x000000065e800000|  0%| F|  |TAMS 0x000000065e400000, 0x000000065e400000| Untracked 
| 378|0x000000065e800000, 0x000000065e800000, 0x000000065ec00000|  0%| F|  |TAMS 0x000000065e800000, 0x000000065e800000| Untracked 
| 379|0x000000065ec00000, 0x000000065ec00000, 0x000000065f000000|  0%| F|  |TAMS 0x000000065ec00000, 0x000000065ec00000| Untracked 
| 380|0x000000065f000000, 0x000000065f000000, 0x000000065f400000|  0%| F|  |TAMS 0x000000065f000000, 0x000000065f000000| Untracked 
| 381|0x000000065f400000, 0x000000065f400000, 0x000000065f800000|  0%| F|  |TAMS 0x000000065f400000, 0x000000065f400000| Untracked 
| 382|0x000000065f800000, 0x000000065f800000, 0x000000065fc00000|  0%| F|  |TAMS 0x000000065f800000, 0x000000065f800000| Untracked 
| 383|0x000000065fc00000, 0x000000065fc00000, 0x0000000660000000|  0%| F|  |TAMS 0x000000065fc00000, 0x000000065fc00000| Untracked 
| 384|0x0000000660000000, 0x0000000660000000, 0x0000000660400000|  0%| F|  |TAMS 0x0000000660000000, 0x0000000660000000| Untracked 
| 385|0x0000000660400000, 0x0000000660400000, 0x0000000660800000|  0%| F|  |TAMS 0x0000000660400000, 0x0000000660400000| Untracked 
| 386|0x0000000660800000, 0x0000000660800000, 0x0000000660c00000|  0%| F|  |TAMS 0x0000000660800000, 0x0000000660800000| Untracked 
| 387|0x0000000660c00000, 0x0000000660c00000, 0x0000000661000000|  0%| F|  |TAMS 0x0000000660c00000, 0x0000000660c00000| Untracked 
| 388|0x0000000661000000, 0x0000000661000000, 0x0000000661400000|  0%| F|  |TAMS 0x0000000661000000, 0x0000000661000000| Untracked 
| 389|0x0000000661400000, 0x0000000661400000, 0x0000000661800000|  0%| F|  |TAMS 0x0000000661400000, 0x0000000661400000| Untracked 
| 390|0x0000000661800000, 0x0000000661800000, 0x0000000661c00000|  0%| F|  |TAMS 0x0000000661800000, 0x0000000661800000| Untracked 
| 391|0x0000000661c00000, 0x0000000661c00000, 0x0000000662000000|  0%| F|  |TAMS 0x0000000661c00000, 0x0000000661c00000| Untracked 
| 392|0x0000000662000000, 0x0000000662000000, 0x0000000662400000|  0%| F|  |TAMS 0x0000000662000000, 0x0000000662000000| Untracked 
| 393|0x0000000662400000, 0x0000000662400000, 0x0000000662800000|  0%| F|  |TAMS 0x0000000662400000, 0x0000000662400000| Untracked 
| 394|0x0000000662800000, 0x0000000662800000, 0x0000000662c00000|  0%| F|  |TAMS 0x0000000662800000, 0x0000000662800000| Untracked 
| 395|0x0000000662c00000, 0x0000000662c00000, 0x0000000663000000|  0%| F|  |TAMS 0x0000000662c00000, 0x0000000662c00000| Untracked 
| 396|0x0000000663000000, 0x0000000663000000, 0x0000000663400000|  0%| F|  |TAMS 0x0000000663000000, 0x0000000663000000| Untracked 
| 397|0x0000000663400000, 0x0000000663400000, 0x0000000663800000|  0%| F|  |TAMS 0x0000000663400000, 0x0000000663400000| Untracked 
| 398|0x0000000663800000, 0x0000000663800000, 0x0000000663c00000|  0%| F|  |TAMS 0x0000000663800000, 0x0000000663800000| Untracked 
| 399|0x0000000663c00000, 0x0000000663c00000, 0x0000000664000000|  0%| F|  |TAMS 0x0000000663c00000, 0x0000000663c00000| Untracked 
| 400|0x0000000664000000, 0x0000000664000000, 0x0000000664400000|  0%| F|  |TAMS 0x0000000664000000, 0x0000000664000000| Untracked 
| 401|0x0000000664400000, 0x0000000664400000, 0x0000000664800000|  0%| F|  |TAMS 0x0000000664400000, 0x0000000664400000| Untracked 
| 402|0x0000000664800000, 0x0000000664800000, 0x0000000664c00000|  0%| F|  |TAMS 0x0000000664800000, 0x0000000664800000| Untracked 
| 403|0x0000000664c00000, 0x0000000664c00000, 0x0000000665000000|  0%| F|  |TAMS 0x0000000664c00000, 0x0000000664c00000| Untracked 
| 404|0x0000000665000000, 0x0000000665000000, 0x0000000665400000|  0%| F|  |TAMS 0x0000000665000000, 0x0000000665000000| Untracked 
| 405|0x0000000665400000, 0x0000000665400000, 0x0000000665800000|  0%| F|  |TAMS 0x0000000665400000, 0x0000000665400000| Untracked 
| 406|0x0000000665800000, 0x0000000665800000, 0x0000000665c00000|  0%| F|  |TAMS 0x0000000665800000, 0x0000000665800000| Untracked 
| 407|0x0000000665c00000, 0x0000000665c00000, 0x0000000666000000|  0%| F|  |TAMS 0x0000000665c00000, 0x0000000665c00000| Untracked 
| 408|0x0000000666000000, 0x0000000666000000, 0x0000000666400000|  0%| F|  |TAMS 0x0000000666000000, 0x0000000666000000| Untracked 
| 409|0x0000000666400000, 0x0000000666400000, 0x0000000666800000|  0%| F|  |TAMS 0x0000000666400000, 0x0000000666400000| Untracked 
| 410|0x0000000666800000, 0x0000000666800000, 0x0000000666c00000|  0%| F|  |TAMS 0x0000000666800000, 0x0000000666800000| Untracked 
| 411|0x0000000666c00000, 0x0000000666c00000, 0x0000000667000000|  0%| F|  |TAMS 0x0000000666c00000, 0x0000000666c00000| Untracked 
| 412|0x0000000667000000, 0x0000000667000000, 0x0000000667400000|  0%| F|  |TAMS 0x0000000667000000, 0x0000000667000000| Untracked 
| 413|0x0000000667400000, 0x0000000667400000, 0x0000000667800000|  0%| F|  |TAMS 0x0000000667400000, 0x0000000667400000| Untracked 
| 414|0x0000000667800000, 0x0000000667800000, 0x0000000667c00000|  0%| F|  |TAMS 0x0000000667800000, 0x0000000667800000| Untracked 
| 415|0x0000000667c00000, 0x0000000667c00000, 0x0000000668000000|  0%| F|  |TAMS 0x0000000667c00000, 0x0000000667c00000| Untracked 
| 416|0x0000000668000000, 0x0000000668000000, 0x0000000668400000|  0%| F|  |TAMS 0x0000000668000000, 0x0000000668000000| Untracked 
| 417|0x0000000668400000, 0x0000000668400000, 0x0000000668800000|  0%| F|  |TAMS 0x0000000668400000, 0x0000000668400000| Untracked 
| 418|0x0000000668800000, 0x0000000668800000, 0x0000000668c00000|  0%| F|  |TAMS 0x0000000668800000, 0x0000000668800000| Untracked 
| 419|0x0000000668c00000, 0x0000000668c00000, 0x0000000669000000|  0%| F|  |TAMS 0x0000000668c00000, 0x0000000668c00000| Untracked 
| 420|0x0000000669000000, 0x0000000669000000, 0x0000000669400000|  0%| F|  |TAMS 0x0000000669000000, 0x0000000669000000| Untracked 
| 421|0x0000000669400000, 0x0000000669400000, 0x0000000669800000|  0%| F|  |TAMS 0x0000000669400000, 0x0000000669400000| Untracked 
| 422|0x0000000669800000, 0x0000000669800000, 0x0000000669c00000|  0%| F|  |TAMS 0x0000000669800000, 0x0000000669800000| Untracked 
| 423|0x0000000669c00000, 0x0000000669c00000, 0x000000066a000000|  0%| F|  |TAMS 0x0000000669c00000, 0x0000000669c00000| Untracked 
| 424|0x000000066a000000, 0x000000066a000000, 0x000000066a400000|  0%| F|  |TAMS 0x000000066a000000, 0x000000066a000000| Untracked 
| 425|0x000000066a400000, 0x000000066a400000, 0x000000066a800000|  0%| F|  |TAMS 0x000000066a400000, 0x000000066a400000| Untracked 
| 426|0x000000066a800000, 0x000000066a800000, 0x000000066ac00000|  0%| F|  |TAMS 0x000000066a800000, 0x000000066a800000| Untracked 
| 427|0x000000066ac00000, 0x000000066ac00000, 0x000000066b000000|  0%| F|  |TAMS 0x000000066ac00000, 0x000000066ac00000| Untracked 
| 428|0x000000066b000000, 0x000000066b000000, 0x000000066b400000|  0%| F|  |TAMS 0x000000066b000000, 0x000000066b000000| Untracked 
| 429|0x000000066b400000, 0x000000066b400000, 0x000000066b800000|  0%| F|  |TAMS 0x000000066b400000, 0x000000066b400000| Untracked 
| 430|0x000000066b800000, 0x000000066b800000, 0x000000066bc00000|  0%| F|  |TAMS 0x000000066b800000, 0x000000066b800000| Untracked 
| 431|0x000000066bc00000, 0x000000066bc00000, 0x000000066c000000|  0%| F|  |TAMS 0x000000066bc00000, 0x000000066bc00000| Untracked 
| 432|0x000000066c000000, 0x000000066c000000, 0x000000066c400000|  0%| F|  |TAMS 0x000000066c000000, 0x000000066c000000| Untracked 
| 433|0x000000066c400000, 0x000000066c400000, 0x000000066c800000|  0%| F|  |TAMS 0x000000066c400000, 0x000000066c400000| Untracked 
| 434|0x000000066c800000, 0x000000066c800000, 0x000000066cc00000|  0%| F|  |TAMS 0x000000066c800000, 0x000000066c800000| Untracked 
| 435|0x000000066cc00000, 0x000000066cc00000, 0x000000066d000000|  0%| F|  |TAMS 0x000000066cc00000, 0x000000066cc00000| Untracked 
| 436|0x000000066d000000, 0x000000066d000000, 0x000000066d400000|  0%| F|  |TAMS 0x000000066d000000, 0x000000066d000000| Untracked 
| 437|0x000000066d400000, 0x000000066d400000, 0x000000066d800000|  0%| F|  |TAMS 0x000000066d400000, 0x000000066d400000| Untracked 
| 438|0x000000066d800000, 0x000000066d800000, 0x000000066dc00000|  0%| F|  |TAMS 0x000000066d800000, 0x000000066d800000| Untracked 
| 439|0x000000066dc00000, 0x000000066dc00000, 0x000000066e000000|  0%| F|  |TAMS 0x000000066dc00000, 0x000000066dc00000| Untracked 
| 440|0x000000066e000000, 0x000000066e000000, 0x000000066e400000|  0%| F|  |TAMS 0x000000066e000000, 0x000000066e000000| Untracked 
| 441|0x000000066e400000, 0x000000066e400000, 0x000000066e800000|  0%| F|  |TAMS 0x000000066e400000, 0x000000066e400000| Untracked 
| 442|0x000000066e800000, 0x000000066e800000, 0x000000066ec00000|  0%| F|  |TAMS 0x000000066e800000, 0x000000066e800000| Untracked 
| 443|0x000000066ec00000, 0x000000066ec00000, 0x000000066f000000|  0%| F|  |TAMS 0x000000066ec00000, 0x000000066ec00000| Untracked 
| 444|0x000000066f000000, 0x000000066f000000, 0x000000066f400000|  0%| F|  |TAMS 0x000000066f000000, 0x000000066f000000| Untracked 
| 445|0x000000066f400000, 0x000000066f400000, 0x000000066f800000|  0%| F|  |TAMS 0x000000066f400000, 0x000000066f400000| Untracked 
| 446|0x000000066f800000, 0x000000066f800000, 0x000000066fc00000|  0%| F|  |TAMS 0x000000066f800000, 0x000000066f800000| Untracked 
| 447|0x000000066fc00000, 0x000000066fc00000, 0x0000000670000000|  0%| F|  |TAMS 0x000000066fc00000, 0x000000066fc00000| Untracked 
| 448|0x0000000670000000, 0x0000000670000000, 0x0000000670400000|  0%| F|  |TAMS 0x0000000670000000, 0x0000000670000000| Untracked 
| 449|0x0000000670400000, 0x0000000670400000, 0x0000000670800000|  0%| F|  |TAMS 0x0000000670400000, 0x0000000670400000| Untracked 
| 450|0x0000000670800000, 0x0000000670800000, 0x0000000670c00000|  0%| F|  |TAMS 0x0000000670800000, 0x0000000670800000| Untracked 
| 451|0x0000000670c00000, 0x0000000670c00000, 0x0000000671000000|  0%| F|  |TAMS 0x0000000670c00000, 0x0000000670c00000| Untracked 
| 452|0x0000000671000000, 0x0000000671000000, 0x0000000671400000|  0%| F|  |TAMS 0x0000000671000000, 0x0000000671000000| Untracked 
| 453|0x0000000671400000, 0x0000000671400000, 0x0000000671800000|  0%| F|  |TAMS 0x0000000671400000, 0x0000000671400000| Untracked 
| 454|0x0000000671800000, 0x0000000671800000, 0x0000000671c00000|  0%| F|  |TAMS 0x0000000671800000, 0x0000000671800000| Untracked 
| 455|0x0000000671c00000, 0x0000000671c00000, 0x0000000672000000|  0%| F|  |TAMS 0x0000000671c00000, 0x0000000671c00000| Untracked 
| 456|0x0000000672000000, 0x0000000672000000, 0x0000000672400000|  0%| F|  |TAMS 0x0000000672000000, 0x0000000672000000| Untracked 
| 457|0x0000000672400000, 0x0000000672400000, 0x0000000672800000|  0%| F|  |TAMS 0x0000000672400000, 0x0000000672400000| Untracked 
| 458|0x0000000672800000, 0x0000000672800000, 0x0000000672c00000|  0%| F|  |TAMS 0x0000000672800000, 0x0000000672800000| Untracked 
| 459|0x0000000672c00000, 0x0000000672c00000, 0x0000000673000000|  0%| F|  |TAMS 0x0000000672c00000, 0x0000000672c00000| Untracked 
| 460|0x0000000673000000, 0x0000000673000000, 0x0000000673400000|  0%| F|  |TAMS 0x0000000673000000, 0x0000000673000000| Untracked 
| 461|0x0000000673400000, 0x0000000673400000, 0x0000000673800000|  0%| F|  |TAMS 0x0000000673400000, 0x0000000673400000| Untracked 
| 462|0x0000000673800000, 0x0000000673800000, 0x0000000673c00000|  0%| F|  |TAMS 0x0000000673800000, 0x0000000673800000| Untracked 
| 463|0x0000000673c00000, 0x0000000673c00000, 0x0000000674000000|  0%| F|  |TAMS 0x0000000673c00000, 0x0000000673c00000| Untracked 
| 464|0x0000000674000000, 0x0000000674000000, 0x0000000674400000|  0%| F|  |TAMS 0x0000000674000000, 0x0000000674000000| Untracked 
| 465|0x0000000674400000, 0x0000000674400000, 0x0000000674800000|  0%| F|  |TAMS 0x0000000674400000, 0x0000000674400000| Untracked 
| 466|0x0000000674800000, 0x0000000674800000, 0x0000000674c00000|  0%| F|  |TAMS 0x0000000674800000, 0x0000000674800000| Untracked 
| 467|0x0000000674c00000, 0x0000000674c00000, 0x0000000675000000|  0%| F|  |TAMS 0x0000000674c00000, 0x0000000674c00000| Untracked 
| 468|0x0000000675000000, 0x0000000675000000, 0x0000000675400000|  0%| F|  |TAMS 0x0000000675000000, 0x0000000675000000| Untracked 
| 469|0x0000000675400000, 0x0000000675400000, 0x0000000675800000|  0%| F|  |TAMS 0x0000000675400000, 0x0000000675400000| Untracked 
| 470|0x0000000675800000, 0x0000000675800000, 0x0000000675c00000|  0%| F|  |TAMS 0x0000000675800000, 0x0000000675800000| Untracked 
| 471|0x0000000675c00000, 0x0000000675c00000, 0x0000000676000000|  0%| F|  |TAMS 0x0000000675c00000, 0x0000000675c00000| Untracked 
| 472|0x0000000676000000, 0x0000000676000000, 0x0000000676400000|  0%| F|  |TAMS 0x0000000676000000, 0x0000000676000000| Untracked 
| 473|0x0000000676400000, 0x0000000676400000, 0x0000000676800000|  0%| F|  |TAMS 0x0000000676400000, 0x0000000676400000| Untracked 
| 474|0x0000000676800000, 0x0000000676800000, 0x0000000676c00000|  0%| F|  |TAMS 0x0000000676800000, 0x0000000676800000| Untracked 
| 475|0x0000000676c00000, 0x0000000676c00000, 0x0000000677000000|  0%| F|  |TAMS 0x0000000676c00000, 0x0000000676c00000| Untracked 
| 476|0x0000000677000000, 0x0000000677000000, 0x0000000677400000|  0%| F|  |TAMS 0x0000000677000000, 0x0000000677000000| Untracked 
| 477|0x0000000677400000, 0x0000000677400000, 0x0000000677800000|  0%| F|  |TAMS 0x0000000677400000, 0x0000000677400000| Untracked 
| 478|0x0000000677800000, 0x0000000677800000, 0x0000000677c00000|  0%| F|  |TAMS 0x0000000677800000, 0x0000000677800000| Untracked 
| 479|0x0000000677c00000, 0x0000000677c00000, 0x0000000678000000|  0%| F|  |TAMS 0x0000000677c00000, 0x0000000677c00000| Untracked 
| 480|0x0000000678000000, 0x0000000678000000, 0x0000000678400000|  0%| F|  |TAMS 0x0000000678000000, 0x0000000678000000| Untracked 
| 481|0x0000000678400000, 0x0000000678400000, 0x0000000678800000|  0%| F|  |TAMS 0x0000000678400000, 0x0000000678400000| Untracked 
| 482|0x0000000678800000, 0x0000000678800000, 0x0000000678c00000|  0%| F|  |TAMS 0x0000000678800000, 0x0000000678800000| Untracked 
| 483|0x0000000678c00000, 0x0000000678c00000, 0x0000000679000000|  0%| F|  |TAMS 0x0000000678c00000, 0x0000000678c00000| Untracked 
| 484|0x0000000679000000, 0x0000000679000000, 0x0000000679400000|  0%| F|  |TAMS 0x0000000679000000, 0x0000000679000000| Untracked 
| 485|0x0000000679400000, 0x0000000679400000, 0x0000000679800000|  0%| F|  |TAMS 0x0000000679400000, 0x0000000679400000| Untracked 
| 486|0x0000000679800000, 0x0000000679800000, 0x0000000679c00000|  0%| F|  |TAMS 0x0000000679800000, 0x0000000679800000| Untracked 
| 487|0x0000000679c00000, 0x0000000679c00000, 0x000000067a000000|  0%| F|  |TAMS 0x0000000679c00000, 0x0000000679c00000| Untracked 
| 488|0x000000067a000000, 0x000000067a000000, 0x000000067a400000|  0%| F|  |TAMS 0x000000067a000000, 0x000000067a000000| Untracked 
| 489|0x000000067a400000, 0x000000067a400000, 0x000000067a800000|  0%| F|  |TAMS 0x000000067a400000, 0x000000067a400000| Untracked 
| 490|0x000000067a800000, 0x000000067a800000, 0x000000067ac00000|  0%| F|  |TAMS 0x000000067a800000, 0x000000067a800000| Untracked 
| 491|0x000000067ac00000, 0x000000067ac00000, 0x000000067b000000|  0%| F|  |TAMS 0x000000067ac00000, 0x000000067ac00000| Untracked 
| 492|0x000000067b000000, 0x000000067b000000, 0x000000067b400000|  0%| F|  |TAMS 0x000000067b000000, 0x000000067b000000| Untracked 
| 493|0x000000067b400000, 0x000000067b400000, 0x000000067b800000|  0%| F|  |TAMS 0x000000067b400000, 0x000000067b400000| Untracked 
| 494|0x000000067b800000, 0x000000067b800000, 0x000000067bc00000|  0%| F|  |TAMS 0x000000067b800000, 0x000000067b800000| Untracked 
| 495|0x000000067bc00000, 0x000000067bc00000, 0x000000067c000000|  0%| F|  |TAMS 0x000000067bc00000, 0x000000067bc00000| Untracked 
| 496|0x000000067c000000, 0x000000067c000000, 0x000000067c400000|  0%| F|  |TAMS 0x000000067c000000, 0x000000067c000000| Untracked 
| 497|0x000000067c400000, 0x000000067c400000, 0x000000067c800000|  0%| F|  |TAMS 0x000000067c400000, 0x000000067c400000| Untracked 
| 498|0x000000067c800000, 0x000000067c800000, 0x000000067cc00000|  0%| F|  |TAMS 0x000000067c800000, 0x000000067c800000| Untracked 
| 499|0x000000067cc00000, 0x000000067cc00000, 0x000000067d000000|  0%| F|  |TAMS 0x000000067cc00000, 0x000000067cc00000| Untracked 
| 500|0x000000067d000000, 0x000000067d000000, 0x000000067d400000|  0%| F|  |TAMS 0x000000067d000000, 0x000000067d000000| Untracked 
| 501|0x000000067d400000, 0x000000067d400000, 0x000000067d800000|  0%| F|  |TAMS 0x000000067d400000, 0x000000067d400000| Untracked 
| 502|0x000000067d800000, 0x000000067d800000, 0x000000067dc00000|  0%| F|  |TAMS 0x000000067d800000, 0x000000067d800000| Untracked 
| 503|0x000000067dc00000, 0x000000067dc00000, 0x000000067e000000|  0%| F|  |TAMS 0x000000067dc00000, 0x000000067dc00000| Untracked 
| 504|0x000000067e000000, 0x000000067e000000, 0x000000067e400000|  0%| F|  |TAMS 0x000000067e000000, 0x000000067e000000| Untracked 
| 505|0x000000067e400000, 0x000000067e400000, 0x000000067e800000|  0%| F|  |TAMS 0x000000067e400000, 0x000000067e400000| Untracked 
| 506|0x000000067e800000, 0x000000067e800000, 0x000000067ec00000|  0%| F|  |TAMS 0x000000067e800000, 0x000000067e800000| Untracked 
| 507|0x000000067ec00000, 0x000000067ec00000, 0x000000067f000000|  0%| F|  |TAMS 0x000000067ec00000, 0x000000067ec00000| Untracked 
| 508|0x000000067f000000, 0x000000067f000000, 0x000000067f400000|  0%| F|  |TAMS 0x000000067f000000, 0x000000067f000000| Untracked 
| 509|0x000000067f400000, 0x000000067f400000, 0x000000067f800000|  0%| F|  |TAMS 0x000000067f400000, 0x000000067f400000| Untracked 
| 510|0x000000067f800000, 0x000000067f800000, 0x000000067fc00000|  0%| F|  |TAMS 0x000000067f800000, 0x000000067f800000| Untracked 
| 511|0x000000067fc00000, 0x000000067fc00000, 0x0000000680000000|  0%| F|  |TAMS 0x000000067fc00000, 0x000000067fc00000| Untracked 
| 512|0x0000000680000000, 0x0000000680000000, 0x0000000680400000|  0%| F|  |TAMS 0x0000000680000000, 0x0000000680000000| Untracked 
| 513|0x0000000680400000, 0x0000000680400000, 0x0000000680800000|  0%| F|  |TAMS 0x0000000680400000, 0x0000000680400000| Untracked 
| 514|0x0000000680800000, 0x0000000680800000, 0x0000000680c00000|  0%| F|  |TAMS 0x0000000680800000, 0x0000000680800000| Untracked 
| 515|0x0000000680c00000, 0x0000000680c00000, 0x0000000681000000|  0%| F|  |TAMS 0x0000000680c00000, 0x0000000680c00000| Untracked 
| 516|0x0000000681000000, 0x0000000681000000, 0x0000000681400000|  0%| F|  |TAMS 0x0000000681000000, 0x0000000681000000| Untracked 
| 517|0x0000000681400000, 0x0000000681400000, 0x0000000681800000|  0%| F|  |TAMS 0x0000000681400000, 0x0000000681400000| Untracked 
| 518|0x0000000681800000, 0x0000000681800000, 0x0000000681c00000|  0%| F|  |TAMS 0x0000000681800000, 0x0000000681800000| Untracked 
| 519|0x0000000681c00000, 0x0000000681c00000, 0x0000000682000000|  0%| F|  |TAMS 0x0000000681c00000, 0x0000000681c00000| Untracked 
| 520|0x0000000682000000, 0x0000000682000000, 0x0000000682400000|  0%| F|  |TAMS 0x0000000682000000, 0x0000000682000000| Untracked 
| 521|0x0000000682400000, 0x0000000682400000, 0x0000000682800000|  0%| F|  |TAMS 0x0000000682400000, 0x0000000682400000| Untracked 
| 522|0x0000000682800000, 0x0000000682800000, 0x0000000682c00000|  0%| F|  |TAMS 0x0000000682800000, 0x0000000682800000| Untracked 
| 523|0x0000000682c00000, 0x0000000682c00000, 0x0000000683000000|  0%| F|  |TAMS 0x0000000682c00000, 0x0000000682c00000| Untracked 
| 524|0x0000000683000000, 0x0000000683000000, 0x0000000683400000|  0%| F|  |TAMS 0x0000000683000000, 0x0000000683000000| Untracked 
| 525|0x0000000683400000, 0x0000000683400000, 0x0000000683800000|  0%| F|  |TAMS 0x0000000683400000, 0x0000000683400000| Untracked 
| 526|0x0000000683800000, 0x0000000683800000, 0x0000000683c00000|  0%| F|  |TAMS 0x0000000683800000, 0x0000000683800000| Untracked 
| 527|0x0000000683c00000, 0x0000000683c00000, 0x0000000684000000|  0%| F|  |TAMS 0x0000000683c00000, 0x0000000683c00000| Untracked 
| 528|0x0000000684000000, 0x0000000684000000, 0x0000000684400000|  0%| F|  |TAMS 0x0000000684000000, 0x0000000684000000| Untracked 
| 529|0x0000000684400000, 0x0000000684400000, 0x0000000684800000|  0%| F|  |TAMS 0x0000000684400000, 0x0000000684400000| Untracked 
| 530|0x0000000684800000, 0x0000000684800000, 0x0000000684c00000|  0%| F|  |TAMS 0x0000000684800000, 0x0000000684800000| Untracked 
| 531|0x0000000684c00000, 0x0000000684c00000, 0x0000000685000000|  0%| F|  |TAMS 0x0000000684c00000, 0x0000000684c00000| Untracked 
| 532|0x0000000685000000, 0x0000000685000000, 0x0000000685400000|  0%| F|  |TAMS 0x0000000685000000, 0x0000000685000000| Untracked 
| 533|0x0000000685400000, 0x0000000685400000, 0x0000000685800000|  0%| F|  |TAMS 0x0000000685400000, 0x0000000685400000| Untracked 
| 534|0x0000000685800000, 0x0000000685800000, 0x0000000685c00000|  0%| F|  |TAMS 0x0000000685800000, 0x0000000685800000| Untracked 
| 535|0x0000000685c00000, 0x0000000685c00000, 0x0000000686000000|  0%| F|  |TAMS 0x0000000685c00000, 0x0000000685c00000| Untracked 
| 536|0x0000000686000000, 0x0000000686000000, 0x0000000686400000|  0%| F|  |TAMS 0x0000000686000000, 0x0000000686000000| Untracked 
| 537|0x0000000686400000, 0x0000000686400000, 0x0000000686800000|  0%| F|  |TAMS 0x0000000686400000, 0x0000000686400000| Untracked 
| 538|0x0000000686800000, 0x0000000686800000, 0x0000000686c00000|  0%| F|  |TAMS 0x0000000686800000, 0x0000000686800000| Untracked 
| 539|0x0000000686c00000, 0x0000000686c00000, 0x0000000687000000|  0%| F|  |TAMS 0x0000000686c00000, 0x0000000686c00000| Untracked 
| 540|0x0000000687000000, 0x0000000687000000, 0x0000000687400000|  0%| F|  |TAMS 0x0000000687000000, 0x0000000687000000| Untracked 
| 541|0x0000000687400000, 0x0000000687400000, 0x0000000687800000|  0%| F|  |TAMS 0x0000000687400000, 0x0000000687400000| Untracked 
| 542|0x0000000687800000, 0x0000000687800000, 0x0000000687c00000|  0%| F|  |TAMS 0x0000000687800000, 0x0000000687800000| Untracked 
| 543|0x0000000687c00000, 0x0000000687c00000, 0x0000000688000000|  0%| F|  |TAMS 0x0000000687c00000, 0x0000000687c00000| Untracked 
| 544|0x0000000688000000, 0x0000000688000000, 0x0000000688400000|  0%| F|  |TAMS 0x0000000688000000, 0x0000000688000000| Untracked 
| 545|0x0000000688400000, 0x0000000688400000, 0x0000000688800000|  0%| F|  |TAMS 0x0000000688400000, 0x0000000688400000| Untracked 
| 546|0x0000000688800000, 0x0000000688800000, 0x0000000688c00000|  0%| F|  |TAMS 0x0000000688800000, 0x0000000688800000| Untracked 
| 547|0x0000000688c00000, 0x0000000688c00000, 0x0000000689000000|  0%| F|  |TAMS 0x0000000688c00000, 0x0000000688c00000| Untracked 
| 548|0x0000000689000000, 0x0000000689000000, 0x0000000689400000|  0%| F|  |TAMS 0x0000000689000000, 0x0000000689000000| Untracked 
| 549|0x0000000689400000, 0x0000000689400000, 0x0000000689800000|  0%| F|  |TAMS 0x0000000689400000, 0x0000000689400000| Untracked 
| 550|0x0000000689800000, 0x0000000689800000, 0x0000000689c00000|  0%| F|  |TAMS 0x0000000689800000, 0x0000000689800000| Untracked 
| 551|0x0000000689c00000, 0x0000000689c00000, 0x000000068a000000|  0%| F|  |TAMS 0x0000000689c00000, 0x0000000689c00000| Untracked 
| 552|0x000000068a000000, 0x000000068a000000, 0x000000068a400000|  0%| F|  |TAMS 0x000000068a000000, 0x000000068a000000| Untracked 
| 553|0x000000068a400000, 0x000000068a400000, 0x000000068a800000|  0%| F|  |TAMS 0x000000068a400000, 0x000000068a400000| Untracked 
| 554|0x000000068a800000, 0x000000068a800000, 0x000000068ac00000|  0%| F|  |TAMS 0x000000068a800000, 0x000000068a800000| Untracked 
| 555|0x000000068ac00000, 0x000000068ac00000, 0x000000068b000000|  0%| F|  |TAMS 0x000000068ac00000, 0x000000068ac00000| Untracked 
| 556|0x000000068b000000, 0x000000068b000000, 0x000000068b400000|  0%| F|  |TAMS 0x000000068b000000, 0x000000068b000000| Untracked 
| 557|0x000000068b400000, 0x000000068b400000, 0x000000068b800000|  0%| F|  |TAMS 0x000000068b400000, 0x000000068b400000| Untracked 
| 558|0x000000068b800000, 0x000000068b800000, 0x000000068bc00000|  0%| F|  |TAMS 0x000000068b800000, 0x000000068b800000| Untracked 
| 559|0x000000068bc00000, 0x000000068bc00000, 0x000000068c000000|  0%| F|  |TAMS 0x000000068bc00000, 0x000000068bc00000| Untracked 
| 560|0x000000068c000000, 0x000000068c000000, 0x000000068c400000|  0%| F|  |TAMS 0x000000068c000000, 0x000000068c000000| Untracked 
| 561|0x000000068c400000, 0x000000068c400000, 0x000000068c800000|  0%| F|  |TAMS 0x000000068c400000, 0x000000068c400000| Untracked 
| 562|0x000000068c800000, 0x000000068c800000, 0x000000068cc00000|  0%| F|  |TAMS 0x000000068c800000, 0x000000068c800000| Untracked 
| 563|0x000000068cc00000, 0x000000068cc00000, 0x000000068d000000|  0%| F|  |TAMS 0x000000068cc00000, 0x000000068cc00000| Untracked 
| 564|0x000000068d000000, 0x000000068d000000, 0x000000068d400000|  0%| F|  |TAMS 0x000000068d000000, 0x000000068d000000| Untracked 
| 565|0x000000068d400000, 0x000000068d400000, 0x000000068d800000|  0%| F|  |TAMS 0x000000068d400000, 0x000000068d400000| Untracked 
| 566|0x000000068d800000, 0x000000068d800000, 0x000000068dc00000|  0%| F|  |TAMS 0x000000068d800000, 0x000000068d800000| Untracked 
| 567|0x000000068dc00000, 0x000000068dc00000, 0x000000068e000000|  0%| F|  |TAMS 0x000000068dc00000, 0x000000068dc00000| Untracked 
| 568|0x000000068e000000, 0x000000068e000000, 0x000000068e400000|  0%| F|  |TAMS 0x000000068e000000, 0x000000068e000000| Untracked 
| 569|0x000000068e400000, 0x000000068e400000, 0x000000068e800000|  0%| F|  |TAMS 0x000000068e400000, 0x000000068e400000| Untracked 
| 570|0x000000068e800000, 0x000000068e800000, 0x000000068ec00000|  0%| F|  |TAMS 0x000000068e800000, 0x000000068e800000| Untracked 
| 571|0x000000068ec00000, 0x000000068ec00000, 0x000000068f000000|  0%| F|  |TAMS 0x000000068ec00000, 0x000000068ec00000| Untracked 
| 572|0x000000068f000000, 0x000000068f000000, 0x000000068f400000|  0%| F|  |TAMS 0x000000068f000000, 0x000000068f000000| Untracked 
| 573|0x000000068f400000, 0x000000068f400000, 0x000000068f800000|  0%| F|  |TAMS 0x000000068f400000, 0x000000068f400000| Untracked 
| 574|0x000000068f800000, 0x000000068f800000, 0x000000068fc00000|  0%| F|  |TAMS 0x000000068f800000, 0x000000068f800000| Untracked 
| 575|0x000000068fc00000, 0x000000068fc00000, 0x0000000690000000|  0%| F|  |TAMS 0x000000068fc00000, 0x000000068fc00000| Untracked 
| 576|0x0000000690000000, 0x0000000690000000, 0x0000000690400000|  0%| F|  |TAMS 0x0000000690000000, 0x0000000690000000| Untracked 
| 577|0x0000000690400000, 0x0000000690400000, 0x0000000690800000|  0%| F|  |TAMS 0x0000000690400000, 0x0000000690400000| Untracked 
| 578|0x0000000690800000, 0x0000000690800000, 0x0000000690c00000|  0%| F|  |TAMS 0x0000000690800000, 0x0000000690800000| Untracked 
| 579|0x0000000690c00000, 0x0000000690c00000, 0x0000000691000000|  0%| F|  |TAMS 0x0000000690c00000, 0x0000000690c00000| Untracked 
| 580|0x0000000691000000, 0x0000000691000000, 0x0000000691400000|  0%| F|  |TAMS 0x0000000691000000, 0x0000000691000000| Untracked 
| 581|0x0000000691400000, 0x0000000691400000, 0x0000000691800000|  0%| F|  |TAMS 0x0000000691400000, 0x0000000691400000| Untracked 
| 582|0x0000000691800000, 0x0000000691800000, 0x0000000691c00000|  0%| F|  |TAMS 0x0000000691800000, 0x0000000691800000| Untracked 
| 583|0x0000000691c00000, 0x0000000691c00000, 0x0000000692000000|  0%| F|  |TAMS 0x0000000691c00000, 0x0000000691c00000| Untracked 
| 584|0x0000000692000000, 0x0000000692000000, 0x0000000692400000|  0%| F|  |TAMS 0x0000000692000000, 0x0000000692000000| Untracked 
| 585|0x0000000692400000, 0x0000000692400000, 0x0000000692800000|  0%| F|  |TAMS 0x0000000692400000, 0x0000000692400000| Untracked 
| 586|0x0000000692800000, 0x0000000692800000, 0x0000000692c00000|  0%| F|  |TAMS 0x0000000692800000, 0x0000000692800000| Untracked 
| 587|0x0000000692c00000, 0x0000000692c00000, 0x0000000693000000|  0%| F|  |TAMS 0x0000000692c00000, 0x0000000692c00000| Untracked 
| 588|0x0000000693000000, 0x0000000693000000, 0x0000000693400000|  0%| F|  |TAMS 0x0000000693000000, 0x0000000693000000| Untracked 
| 589|0x0000000693400000, 0x0000000693400000, 0x0000000693800000|  0%| F|  |TAMS 0x0000000693400000, 0x0000000693400000| Untracked 
| 590|0x0000000693800000, 0x0000000693800000, 0x0000000693c00000|  0%| F|  |TAMS 0x0000000693800000, 0x0000000693800000| Untracked 
| 591|0x0000000693c00000, 0x0000000693c00000, 0x0000000694000000|  0%| F|  |TAMS 0x0000000693c00000, 0x0000000693c00000| Untracked 
| 592|0x0000000694000000, 0x0000000694000000, 0x0000000694400000|  0%| F|  |TAMS 0x0000000694000000, 0x0000000694000000| Untracked 
| 593|0x0000000694400000, 0x0000000694400000, 0x0000000694800000|  0%| F|  |TAMS 0x0000000694400000, 0x0000000694400000| Untracked 
| 594|0x0000000694800000, 0x0000000694800000, 0x0000000694c00000|  0%| F|  |TAMS 0x0000000694800000, 0x0000000694800000| Untracked 
| 595|0x0000000694c00000, 0x0000000694c00000, 0x0000000695000000|  0%| F|  |TAMS 0x0000000694c00000, 0x0000000694c00000| Untracked 
| 596|0x0000000695000000, 0x0000000695000000, 0x0000000695400000|  0%| F|  |TAMS 0x0000000695000000, 0x0000000695000000| Untracked 
| 597|0x0000000695400000, 0x0000000695400000, 0x0000000695800000|  0%| F|  |TAMS 0x0000000695400000, 0x0000000695400000| Untracked 
| 598|0x0000000695800000, 0x0000000695800000, 0x0000000695c00000|  0%| F|  |TAMS 0x0000000695800000, 0x0000000695800000| Untracked 
| 599|0x0000000695c00000, 0x0000000695c00000, 0x0000000696000000|  0%| F|  |TAMS 0x0000000695c00000, 0x0000000695c00000| Untracked 
| 600|0x0000000696000000, 0x0000000696000000, 0x0000000696400000|  0%| F|  |TAMS 0x0000000696000000, 0x0000000696000000| Untracked 
| 601|0x0000000696400000, 0x0000000696400000, 0x0000000696800000|  0%| F|  |TAMS 0x0000000696400000, 0x0000000696400000| Untracked 
| 602|0x0000000696800000, 0x0000000696800000, 0x0000000696c00000|  0%| F|  |TAMS 0x0000000696800000, 0x0000000696800000| Untracked 
| 603|0x0000000696c00000, 0x0000000696c00000, 0x0000000697000000|  0%| F|  |TAMS 0x0000000696c00000, 0x0000000696c00000| Untracked 
| 604|0x0000000697000000, 0x0000000697000000, 0x0000000697400000|  0%| F|  |TAMS 0x0000000697000000, 0x0000000697000000| Untracked 
| 605|0x0000000697400000, 0x0000000697400000, 0x0000000697800000|  0%| F|  |TAMS 0x0000000697400000, 0x0000000697400000| Untracked 
| 606|0x0000000697800000, 0x0000000697800000, 0x0000000697c00000|  0%| F|  |TAMS 0x0000000697800000, 0x0000000697800000| Untracked 
| 607|0x0000000697c00000, 0x0000000697c00000, 0x0000000698000000|  0%| F|  |TAMS 0x0000000697c00000, 0x0000000697c00000| Untracked 
| 608|0x0000000698000000, 0x0000000698000000, 0x0000000698400000|  0%| F|  |TAMS 0x0000000698000000, 0x0000000698000000| Untracked 
| 609|0x0000000698400000, 0x0000000698400000, 0x0000000698800000|  0%| F|  |TAMS 0x0000000698400000, 0x0000000698400000| Untracked 
| 610|0x0000000698800000, 0x0000000698800000, 0x0000000698c00000|  0%| F|  |TAMS 0x0000000698800000, 0x0000000698800000| Untracked 
| 611|0x0000000698c00000, 0x0000000698c00000, 0x0000000699000000|  0%| F|  |TAMS 0x0000000698c00000, 0x0000000698c00000| Untracked 
| 612|0x0000000699000000, 0x0000000699000000, 0x0000000699400000|  0%| F|  |TAMS 0x0000000699000000, 0x0000000699000000| Untracked 
| 613|0x0000000699400000, 0x0000000699400000, 0x0000000699800000|  0%| F|  |TAMS 0x0000000699400000, 0x0000000699400000| Untracked 
| 614|0x0000000699800000, 0x0000000699800000, 0x0000000699c00000|  0%| F|  |TAMS 0x0000000699800000, 0x0000000699800000| Untracked 
| 615|0x0000000699c00000, 0x0000000699c00000, 0x000000069a000000|  0%| F|  |TAMS 0x0000000699c00000, 0x0000000699c00000| Untracked 
| 616|0x000000069a000000, 0x000000069a000000, 0x000000069a400000|  0%| F|  |TAMS 0x000000069a000000, 0x000000069a000000| Untracked 
| 617|0x000000069a400000, 0x000000069a400000, 0x000000069a800000|  0%| F|  |TAMS 0x000000069a400000, 0x000000069a400000| Untracked 
| 618|0x000000069a800000, 0x000000069a800000, 0x000000069ac00000|  0%| F|  |TAMS 0x000000069a800000, 0x000000069a800000| Untracked 
| 619|0x000000069ac00000, 0x000000069ac00000, 0x000000069b000000|  0%| F|  |TAMS 0x000000069ac00000, 0x000000069ac00000| Untracked 
| 620|0x000000069b000000, 0x000000069b000000, 0x000000069b400000|  0%| F|  |TAMS 0x000000069b000000, 0x000000069b000000| Untracked 
| 621|0x000000069b400000, 0x000000069b400000, 0x000000069b800000|  0%| F|  |TAMS 0x000000069b400000, 0x000000069b400000| Untracked 
| 622|0x000000069b800000, 0x000000069b800000, 0x000000069bc00000|  0%| F|  |TAMS 0x000000069b800000, 0x000000069b800000| Untracked 
| 623|0x000000069bc00000, 0x000000069bc00000, 0x000000069c000000|  0%| F|  |TAMS 0x000000069bc00000, 0x000000069bc00000| Untracked 
| 624|0x000000069c000000, 0x000000069c000000, 0x000000069c400000|  0%| F|  |TAMS 0x000000069c000000, 0x000000069c000000| Untracked 
| 625|0x000000069c400000, 0x000000069c400000, 0x000000069c800000|  0%| F|  |TAMS 0x000000069c400000, 0x000000069c400000| Untracked 
| 626|0x000000069c800000, 0x000000069c800000, 0x000000069cc00000|  0%| F|  |TAMS 0x000000069c800000, 0x000000069c800000| Untracked 
| 627|0x000000069cc00000, 0x000000069cc00000, 0x000000069d000000|  0%| F|  |TAMS 0x000000069cc00000, 0x000000069cc00000| Untracked 
| 628|0x000000069d000000, 0x000000069d000000, 0x000000069d400000|  0%| F|  |TAMS 0x000000069d000000, 0x000000069d000000| Untracked 
| 629|0x000000069d400000, 0x000000069d400000, 0x000000069d800000|  0%| F|  |TAMS 0x000000069d400000, 0x000000069d400000| Untracked 
| 630|0x000000069d800000, 0x000000069d800000, 0x000000069dc00000|  0%| F|  |TAMS 0x000000069d800000, 0x000000069d800000| Untracked 
| 631|0x000000069dc00000, 0x000000069dc00000, 0x000000069e000000|  0%| F|  |TAMS 0x000000069dc00000, 0x000000069dc00000| Untracked 
| 632|0x000000069e000000, 0x000000069e000000, 0x000000069e400000|  0%| F|  |TAMS 0x000000069e000000, 0x000000069e000000| Untracked 
| 633|0x000000069e400000, 0x000000069e400000, 0x000000069e800000|  0%| F|  |TAMS 0x000000069e400000, 0x000000069e400000| Untracked 
| 634|0x000000069e800000, 0x000000069e800000, 0x000000069ec00000|  0%| F|  |TAMS 0x000000069e800000, 0x000000069e800000| Untracked 
| 635|0x000000069ec00000, 0x000000069ec00000, 0x000000069f000000|  0%| F|  |TAMS 0x000000069ec00000, 0x000000069ec00000| Untracked 
| 636|0x000000069f000000, 0x000000069f000000, 0x000000069f400000|  0%| F|  |TAMS 0x000000069f000000, 0x000000069f000000| Untracked 
| 637|0x000000069f400000, 0x000000069f400000, 0x000000069f800000|  0%| F|  |TAMS 0x000000069f400000, 0x000000069f400000| Untracked 
| 638|0x000000069f800000, 0x000000069f800000, 0x000000069fc00000|  0%| F|  |TAMS 0x000000069f800000, 0x000000069f800000| Untracked 
| 639|0x000000069fc00000, 0x000000069fc00000, 0x00000006a0000000|  0%| F|  |TAMS 0x000000069fc00000, 0x000000069fc00000| Untracked 
| 640|0x00000006a0000000, 0x00000006a0000000, 0x00000006a0400000|  0%| F|  |TAMS 0x00000006a0000000, 0x00000006a0000000| Untracked 
| 641|0x00000006a0400000, 0x00000006a0400000, 0x00000006a0800000|  0%| F|  |TAMS 0x00000006a0400000, 0x00000006a0400000| Untracked 
| 642|0x00000006a0800000, 0x00000006a0800000, 0x00000006a0c00000|  0%| F|  |TAMS 0x00000006a0800000, 0x00000006a0800000| Untracked 
| 643|0x00000006a0c00000, 0x00000006a0c00000, 0x00000006a1000000|  0%| F|  |TAMS 0x00000006a0c00000, 0x00000006a0c00000| Untracked 
| 644|0x00000006a1000000, 0x00000006a1000000, 0x00000006a1400000|  0%| F|  |TAMS 0x00000006a1000000, 0x00000006a1000000| Untracked 
| 645|0x00000006a1400000, 0x00000006a1400000, 0x00000006a1800000|  0%| F|  |TAMS 0x00000006a1400000, 0x00000006a1400000| Untracked 
| 646|0x00000006a1800000, 0x00000006a1800000, 0x00000006a1c00000|  0%| F|  |TAMS 0x00000006a1800000, 0x00000006a1800000| Untracked 
| 647|0x00000006a1c00000, 0x00000006a1c00000, 0x00000006a2000000|  0%| F|  |TAMS 0x00000006a1c00000, 0x00000006a1c00000| Untracked 
| 648|0x00000006a2000000, 0x00000006a2000000, 0x00000006a2400000|  0%| F|  |TAMS 0x00000006a2000000, 0x00000006a2000000| Untracked 
| 649|0x00000006a2400000, 0x00000006a2400000, 0x00000006a2800000|  0%| F|  |TAMS 0x00000006a2400000, 0x00000006a2400000| Untracked 
| 650|0x00000006a2800000, 0x00000006a2800000, 0x00000006a2c00000|  0%| F|  |TAMS 0x00000006a2800000, 0x00000006a2800000| Untracked 
| 651|0x00000006a2c00000, 0x00000006a2c00000, 0x00000006a3000000|  0%| F|  |TAMS 0x00000006a2c00000, 0x00000006a2c00000| Untracked 
| 652|0x00000006a3000000, 0x00000006a3000000, 0x00000006a3400000|  0%| F|  |TAMS 0x00000006a3000000, 0x00000006a3000000| Untracked 
| 653|0x00000006a3400000, 0x00000006a3400000, 0x00000006a3800000|  0%| F|  |TAMS 0x00000006a3400000, 0x00000006a3400000| Untracked 
| 654|0x00000006a3800000, 0x00000006a3800000, 0x00000006a3c00000|  0%| F|  |TAMS 0x00000006a3800000, 0x00000006a3800000| Untracked 
| 655|0x00000006a3c00000, 0x00000006a3c00000, 0x00000006a4000000|  0%| F|  |TAMS 0x00000006a3c00000, 0x00000006a3c00000| Untracked 
| 656|0x00000006a4000000, 0x00000006a4000000, 0x00000006a4400000|  0%| F|  |TAMS 0x00000006a4000000, 0x00000006a4000000| Untracked 
| 657|0x00000006a4400000, 0x00000006a4400000, 0x00000006a4800000|  0%| F|  |TAMS 0x00000006a4400000, 0x00000006a4400000| Untracked 
| 658|0x00000006a4800000, 0x00000006a4800000, 0x00000006a4c00000|  0%| F|  |TAMS 0x00000006a4800000, 0x00000006a4800000| Untracked 
| 659|0x00000006a4c00000, 0x00000006a4c00000, 0x00000006a5000000|  0%| F|  |TAMS 0x00000006a4c00000, 0x00000006a4c00000| Untracked 
| 660|0x00000006a5000000, 0x00000006a5000000, 0x00000006a5400000|  0%| F|  |TAMS 0x00000006a5000000, 0x00000006a5000000| Untracked 
| 661|0x00000006a5400000, 0x00000006a5400000, 0x00000006a5800000|  0%| F|  |TAMS 0x00000006a5400000, 0x00000006a5400000| Untracked 
| 662|0x00000006a5800000, 0x00000006a5800000, 0x00000006a5c00000|  0%| F|  |TAMS 0x00000006a5800000, 0x00000006a5800000| Untracked 
| 663|0x00000006a5c00000, 0x00000006a5c00000, 0x00000006a6000000|  0%| F|  |TAMS 0x00000006a5c00000, 0x00000006a5c00000| Untracked 
| 664|0x00000006a6000000, 0x00000006a6000000, 0x00000006a6400000|  0%| F|  |TAMS 0x00000006a6000000, 0x00000006a6000000| Untracked 
| 665|0x00000006a6400000, 0x00000006a6400000, 0x00000006a6800000|  0%| F|  |TAMS 0x00000006a6400000, 0x00000006a6400000| Untracked 
| 666|0x00000006a6800000, 0x00000006a6800000, 0x00000006a6c00000|  0%| F|  |TAMS 0x00000006a6800000, 0x00000006a6800000| Untracked 
| 667|0x00000006a6c00000, 0x00000006a6c00000, 0x00000006a7000000|  0%| F|  |TAMS 0x00000006a6c00000, 0x00000006a6c00000| Untracked 
| 668|0x00000006a7000000, 0x00000006a7000000, 0x00000006a7400000|  0%| F|  |TAMS 0x00000006a7000000, 0x00000006a7000000| Untracked 
| 669|0x00000006a7400000, 0x00000006a7400000, 0x00000006a7800000|  0%| F|  |TAMS 0x00000006a7400000, 0x00000006a7400000| Untracked 
| 670|0x00000006a7800000, 0x00000006a7800000, 0x00000006a7c00000|  0%| F|  |TAMS 0x00000006a7800000, 0x00000006a7800000| Untracked 
| 671|0x00000006a7c00000, 0x00000006a7c00000, 0x00000006a8000000|  0%| F|  |TAMS 0x00000006a7c00000, 0x00000006a7c00000| Untracked 
| 672|0x00000006a8000000, 0x00000006a8000000, 0x00000006a8400000|  0%| F|  |TAMS 0x00000006a8000000, 0x00000006a8000000| Untracked 
| 673|0x00000006a8400000, 0x00000006a8400000, 0x00000006a8800000|  0%| F|  |TAMS 0x00000006a8400000, 0x00000006a8400000| Untracked 
| 674|0x00000006a8800000, 0x00000006a8800000, 0x00000006a8c00000|  0%| F|  |TAMS 0x00000006a8800000, 0x00000006a8800000| Untracked 
| 675|0x00000006a8c00000, 0x00000006a8c00000, 0x00000006a9000000|  0%| F|  |TAMS 0x00000006a8c00000, 0x00000006a8c00000| Untracked 
| 676|0x00000006a9000000, 0x00000006a9000000, 0x00000006a9400000|  0%| F|  |TAMS 0x00000006a9000000, 0x00000006a9000000| Untracked 
| 677|0x00000006a9400000, 0x00000006a9400000, 0x00000006a9800000|  0%| F|  |TAMS 0x00000006a9400000, 0x00000006a9400000| Untracked 
| 678|0x00000006a9800000, 0x00000006a9800000, 0x00000006a9c00000|  0%| F|  |TAMS 0x00000006a9800000, 0x00000006a9800000| Untracked 
| 679|0x00000006a9c00000, 0x00000006a9c00000, 0x00000006aa000000|  0%| F|  |TAMS 0x00000006a9c00000, 0x00000006a9c00000| Untracked 
| 680|0x00000006aa000000, 0x00000006aa000000, 0x00000006aa400000|  0%| F|  |TAMS 0x00000006aa000000, 0x00000006aa000000| Untracked 
| 681|0x00000006aa400000, 0x00000006aa400000, 0x00000006aa800000|  0%| F|  |TAMS 0x00000006aa400000, 0x00000006aa400000| Untracked 
| 682|0x00000006aa800000, 0x00000006aa800000, 0x00000006aac00000|  0%| F|  |TAMS 0x00000006aa800000, 0x00000006aa800000| Untracked 
| 683|0x00000006aac00000, 0x00000006aac00000, 0x00000006ab000000|  0%| F|  |TAMS 0x00000006aac00000, 0x00000006aac00000| Untracked 
| 684|0x00000006ab000000, 0x00000006ab000000, 0x00000006ab400000|  0%| F|  |TAMS 0x00000006ab000000, 0x00000006ab000000| Untracked 
| 685|0x00000006ab400000, 0x00000006ab400000, 0x00000006ab800000|  0%| F|  |TAMS 0x00000006ab400000, 0x00000006ab400000| Untracked 
| 686|0x00000006ab800000, 0x00000006ab800000, 0x00000006abc00000|  0%| F|  |TAMS 0x00000006ab800000, 0x00000006ab800000| Untracked 
| 687|0x00000006abc00000, 0x00000006abc00000, 0x00000006ac000000|  0%| F|  |TAMS 0x00000006abc00000, 0x00000006abc00000| Untracked 
| 688|0x00000006ac000000, 0x00000006ac000000, 0x00000006ac400000|  0%| F|  |TAMS 0x00000006ac000000, 0x00000006ac000000| Untracked 
| 689|0x00000006ac400000, 0x00000006ac400000, 0x00000006ac800000|  0%| F|  |TAMS 0x00000006ac400000, 0x00000006ac400000| Untracked 
| 690|0x00000006ac800000, 0x00000006ac800000, 0x00000006acc00000|  0%| F|  |TAMS 0x00000006ac800000, 0x00000006ac800000| Untracked 
| 691|0x00000006acc00000, 0x00000006acc00000, 0x00000006ad000000|  0%| F|  |TAMS 0x00000006acc00000, 0x00000006acc00000| Untracked 
| 692|0x00000006ad000000, 0x00000006ad000000, 0x00000006ad400000|  0%| F|  |TAMS 0x00000006ad000000, 0x00000006ad000000| Untracked 
| 693|0x00000006ad400000, 0x00000006ad400000, 0x00000006ad800000|  0%| F|  |TAMS 0x00000006ad400000, 0x00000006ad400000| Untracked 
| 694|0x00000006ad800000, 0x00000006ad800000, 0x00000006adc00000|  0%| F|  |TAMS 0x00000006ad800000, 0x00000006ad800000| Untracked 
| 695|0x00000006adc00000, 0x00000006adc00000, 0x00000006ae000000|  0%| F|  |TAMS 0x00000006adc00000, 0x00000006adc00000| Untracked 
| 696|0x00000006ae000000, 0x00000006ae000000, 0x00000006ae400000|  0%| F|  |TAMS 0x00000006ae000000, 0x00000006ae000000| Untracked 
| 697|0x00000006ae400000, 0x00000006ae400000, 0x00000006ae800000|  0%| F|  |TAMS 0x00000006ae400000, 0x00000006ae400000| Untracked 
| 698|0x00000006ae800000, 0x00000006ae800000, 0x00000006aec00000|  0%| F|  |TAMS 0x00000006ae800000, 0x00000006ae800000| Untracked 
| 699|0x00000006aec00000, 0x00000006aec00000, 0x00000006af000000|  0%| F|  |TAMS 0x00000006aec00000, 0x00000006aec00000| Untracked 
| 700|0x00000006af000000, 0x00000006af000000, 0x00000006af400000|  0%| F|  |TAMS 0x00000006af000000, 0x00000006af000000| Untracked 
| 701|0x00000006af400000, 0x00000006af400000, 0x00000006af800000|  0%| F|  |TAMS 0x00000006af400000, 0x00000006af400000| Untracked 
| 702|0x00000006af800000, 0x00000006af800000, 0x00000006afc00000|  0%| F|  |TAMS 0x00000006af800000, 0x00000006af800000| Untracked 
| 703|0x00000006afc00000, 0x00000006afc00000, 0x00000006b0000000|  0%| F|  |TAMS 0x00000006afc00000, 0x00000006afc00000| Untracked 
| 704|0x00000006b0000000, 0x00000006b0000000, 0x00000006b0400000|  0%| F|  |TAMS 0x00000006b0000000, 0x00000006b0000000| Untracked 
| 705|0x00000006b0400000, 0x00000006b0400000, 0x00000006b0800000|  0%| F|  |TAMS 0x00000006b0400000, 0x00000006b0400000| Untracked 
| 706|0x00000006b0800000, 0x00000006b0800000, 0x00000006b0c00000|  0%| F|  |TAMS 0x00000006b0800000, 0x00000006b0800000| Untracked 
| 707|0x00000006b0c00000, 0x00000006b0c00000, 0x00000006b1000000|  0%| F|  |TAMS 0x00000006b0c00000, 0x00000006b0c00000| Untracked 
| 708|0x00000006b1000000, 0x00000006b1000000, 0x00000006b1400000|  0%| F|  |TAMS 0x00000006b1000000, 0x00000006b1000000| Untracked 
| 709|0x00000006b1400000, 0x00000006b1400000, 0x00000006b1800000|  0%| F|  |TAMS 0x00000006b1400000, 0x00000006b1400000| Untracked 
| 710|0x00000006b1800000, 0x00000006b1800000, 0x00000006b1c00000|  0%| F|  |TAMS 0x00000006b1800000, 0x00000006b1800000| Untracked 
| 711|0x00000006b1c00000, 0x00000006b1c00000, 0x00000006b2000000|  0%| F|  |TAMS 0x00000006b1c00000, 0x00000006b1c00000| Untracked 
| 712|0x00000006b2000000, 0x00000006b2000000, 0x00000006b2400000|  0%| F|  |TAMS 0x00000006b2000000, 0x00000006b2000000| Untracked 
| 713|0x00000006b2400000, 0x00000006b2400000, 0x00000006b2800000|  0%| F|  |TAMS 0x00000006b2400000, 0x00000006b2400000| Untracked 
| 714|0x00000006b2800000, 0x00000006b2800000, 0x00000006b2c00000|  0%| F|  |TAMS 0x00000006b2800000, 0x00000006b2800000| Untracked 
| 715|0x00000006b2c00000, 0x00000006b2c00000, 0x00000006b3000000|  0%| F|  |TAMS 0x00000006b2c00000, 0x00000006b2c00000| Untracked 
| 716|0x00000006b3000000, 0x00000006b3000000, 0x00000006b3400000|  0%| F|  |TAMS 0x00000006b3000000, 0x00000006b3000000| Untracked 
| 717|0x00000006b3400000, 0x00000006b3400000, 0x00000006b3800000|  0%| F|  |TAMS 0x00000006b3400000, 0x00000006b3400000| Untracked 
| 718|0x00000006b3800000, 0x00000006b3800000, 0x00000006b3c00000|  0%| F|  |TAMS 0x00000006b3800000, 0x00000006b3800000| Untracked 
| 719|0x00000006b3c00000, 0x00000006b3c00000, 0x00000006b4000000|  0%| F|  |TAMS 0x00000006b3c00000, 0x00000006b3c00000| Untracked 
| 720|0x00000006b4000000, 0x00000006b4000000, 0x00000006b4400000|  0%| F|  |TAMS 0x00000006b4000000, 0x00000006b4000000| Untracked 
| 721|0x00000006b4400000, 0x00000006b4400000, 0x00000006b4800000|  0%| F|  |TAMS 0x00000006b4400000, 0x00000006b4400000| Untracked 
| 722|0x00000006b4800000, 0x00000006b4800000, 0x00000006b4c00000|  0%| F|  |TAMS 0x00000006b4800000, 0x00000006b4800000| Untracked 
| 723|0x00000006b4c00000, 0x00000006b4c00000, 0x00000006b5000000|  0%| F|  |TAMS 0x00000006b4c00000, 0x00000006b4c00000| Untracked 
| 724|0x00000006b5000000, 0x00000006b5000000, 0x00000006b5400000|  0%| F|  |TAMS 0x00000006b5000000, 0x00000006b5000000| Untracked 
| 725|0x00000006b5400000, 0x00000006b5400000, 0x00000006b5800000|  0%| F|  |TAMS 0x00000006b5400000, 0x00000006b5400000| Untracked 
| 726|0x00000006b5800000, 0x00000006b5800000, 0x00000006b5c00000|  0%| F|  |TAMS 0x00000006b5800000, 0x00000006b5800000| Untracked 
| 727|0x00000006b5c00000, 0x00000006b5c00000, 0x00000006b6000000|  0%| F|  |TAMS 0x00000006b5c00000, 0x00000006b5c00000| Untracked 
| 728|0x00000006b6000000, 0x00000006b6000000, 0x00000006b6400000|  0%| F|  |TAMS 0x00000006b6000000, 0x00000006b6000000| Untracked 
| 729|0x00000006b6400000, 0x00000006b6400000, 0x00000006b6800000|  0%| F|  |TAMS 0x00000006b6400000, 0x00000006b6400000| Untracked 
| 730|0x00000006b6800000, 0x00000006b6800000, 0x00000006b6c00000|  0%| F|  |TAMS 0x00000006b6800000, 0x00000006b6800000| Untracked 
| 731|0x00000006b6c00000, 0x00000006b6c00000, 0x00000006b7000000|  0%| F|  |TAMS 0x00000006b6c00000, 0x00000006b6c00000| Untracked 
| 732|0x00000006b7000000, 0x00000006b7000000, 0x00000006b7400000|  0%| F|  |TAMS 0x00000006b7000000, 0x00000006b7000000| Untracked 
| 733|0x00000006b7400000, 0x00000006b7400000, 0x00000006b7800000|  0%| F|  |TAMS 0x00000006b7400000, 0x00000006b7400000| Untracked 
| 734|0x00000006b7800000, 0x00000006b7800000, 0x00000006b7c00000|  0%| F|  |TAMS 0x00000006b7800000, 0x00000006b7800000| Untracked 
| 735|0x00000006b7c00000, 0x00000006b7c00000, 0x00000006b8000000|  0%| F|  |TAMS 0x00000006b7c00000, 0x00000006b7c00000| Untracked 
| 736|0x00000006b8000000, 0x00000006b8000000, 0x00000006b8400000|  0%| F|  |TAMS 0x00000006b8000000, 0x00000006b8000000| Untracked 
| 737|0x00000006b8400000, 0x00000006b8400000, 0x00000006b8800000|  0%| F|  |TAMS 0x00000006b8400000, 0x00000006b8400000| Untracked 
| 738|0x00000006b8800000, 0x00000006b8800000, 0x00000006b8c00000|  0%| F|  |TAMS 0x00000006b8800000, 0x00000006b8800000| Untracked 
| 739|0x00000006b8c00000, 0x00000006b8c00000, 0x00000006b9000000|  0%| F|  |TAMS 0x00000006b8c00000, 0x00000006b8c00000| Untracked 
| 740|0x00000006b9000000, 0x00000006b9000000, 0x00000006b9400000|  0%| F|  |TAMS 0x00000006b9000000, 0x00000006b9000000| Untracked 
| 741|0x00000006b9400000, 0x00000006b9400000, 0x00000006b9800000|  0%| F|  |TAMS 0x00000006b9400000, 0x00000006b9400000| Untracked 
| 742|0x00000006b9800000, 0x00000006b9800000, 0x00000006b9c00000|  0%| F|  |TAMS 0x00000006b9800000, 0x00000006b9800000| Untracked 
| 743|0x00000006b9c00000, 0x00000006b9c00000, 0x00000006ba000000|  0%| F|  |TAMS 0x00000006b9c00000, 0x00000006b9c00000| Untracked 
| 744|0x00000006ba000000, 0x00000006ba000000, 0x00000006ba400000|  0%| F|  |TAMS 0x00000006ba000000, 0x00000006ba000000| Untracked 
| 745|0x00000006ba400000, 0x00000006ba400000, 0x00000006ba800000|  0%| F|  |TAMS 0x00000006ba400000, 0x00000006ba400000| Untracked 
| 746|0x00000006ba800000, 0x00000006ba800000, 0x00000006bac00000|  0%| F|  |TAMS 0x00000006ba800000, 0x00000006ba800000| Untracked 
| 747|0x00000006bac00000, 0x00000006bac00000, 0x00000006bb000000|  0%| F|  |TAMS 0x00000006bac00000, 0x00000006bac00000| Untracked 
| 748|0x00000006bb000000, 0x00000006bb000000, 0x00000006bb400000|  0%| F|  |TAMS 0x00000006bb000000, 0x00000006bb000000| Untracked 
| 749|0x00000006bb400000, 0x00000006bb400000, 0x00000006bb800000|  0%| F|  |TAMS 0x00000006bb400000, 0x00000006bb400000| Untracked 
| 750|0x00000006bb800000, 0x00000006bb800000, 0x00000006bbc00000|  0%| F|  |TAMS 0x00000006bb800000, 0x00000006bb800000| Untracked 
| 751|0x00000006bbc00000, 0x00000006bbc00000, 0x00000006bc000000|  0%| F|  |TAMS 0x00000006bbc00000, 0x00000006bbc00000| Untracked 
| 752|0x00000006bc000000, 0x00000006bc000000, 0x00000006bc400000|  0%| F|  |TAMS 0x00000006bc000000, 0x00000006bc000000| Untracked 
| 753|0x00000006bc400000, 0x00000006bc400000, 0x00000006bc800000|  0%| F|  |TAMS 0x00000006bc400000, 0x00000006bc400000| Untracked 
| 754|0x00000006bc800000, 0x00000006bc800000, 0x00000006bcc00000|  0%| F|  |TAMS 0x00000006bc800000, 0x00000006bc800000| Untracked 
| 755|0x00000006bcc00000, 0x00000006bcc00000, 0x00000006bd000000|  0%| F|  |TAMS 0x00000006bcc00000, 0x00000006bcc00000| Untracked 
| 756|0x00000006bd000000, 0x00000006bd000000, 0x00000006bd400000|  0%| F|  |TAMS 0x00000006bd000000, 0x00000006bd000000| Untracked 
| 757|0x00000006bd400000, 0x00000006bd400000, 0x00000006bd800000|  0%| F|  |TAMS 0x00000006bd400000, 0x00000006bd400000| Untracked 
| 758|0x00000006bd800000, 0x00000006bd800000, 0x00000006bdc00000|  0%| F|  |TAMS 0x00000006bd800000, 0x00000006bd800000| Untracked 
| 759|0x00000006bdc00000, 0x00000006bdc00000, 0x00000006be000000|  0%| F|  |TAMS 0x00000006bdc00000, 0x00000006bdc00000| Untracked 
| 760|0x00000006be000000, 0x00000006be000000, 0x00000006be400000|  0%| F|  |TAMS 0x00000006be000000, 0x00000006be000000| Untracked 
| 761|0x00000006be400000, 0x00000006be400000, 0x00000006be800000|  0%| F|  |TAMS 0x00000006be400000, 0x00000006be400000| Untracked 
| 762|0x00000006be800000, 0x00000006be800000, 0x00000006bec00000|  0%| F|  |TAMS 0x00000006be800000, 0x00000006be800000| Untracked 
| 763|0x00000006bec00000, 0x00000006bec00000, 0x00000006bf000000|  0%| F|  |TAMS 0x00000006bec00000, 0x00000006bec00000| Untracked 
| 764|0x00000006bf000000, 0x00000006bf000000, 0x00000006bf400000|  0%| F|  |TAMS 0x00000006bf000000, 0x00000006bf000000| Untracked 
| 765|0x00000006bf400000, 0x00000006bf400000, 0x00000006bf800000|  0%| F|  |TAMS 0x00000006bf400000, 0x00000006bf400000| Untracked 
| 766|0x00000006bf800000, 0x00000006bf800000, 0x00000006bfc00000|  0%| F|  |TAMS 0x00000006bf800000, 0x00000006bf800000| Untracked 
| 767|0x00000006bfc00000, 0x00000006bfc00000, 0x00000006c0000000|  0%| F|  |TAMS 0x00000006bfc00000, 0x00000006bfc00000| Untracked 
| 768|0x00000006c0000000, 0x00000006c0000000, 0x00000006c0400000|  0%| F|  |TAMS 0x00000006c0000000, 0x00000006c0000000| Untracked 
| 769|0x00000006c0400000, 0x00000006c0400000, 0x00000006c0800000|  0%| F|  |TAMS 0x00000006c0400000, 0x00000006c0400000| Untracked 
| 770|0x00000006c0800000, 0x00000006c0800000, 0x00000006c0c00000|  0%| F|  |TAMS 0x00000006c0800000, 0x00000006c0800000| Untracked 
| 771|0x00000006c0c00000, 0x00000006c0c00000, 0x00000006c1000000|  0%| F|  |TAMS 0x00000006c0c00000, 0x00000006c0c00000| Untracked 
| 772|0x00000006c1000000, 0x00000006c1000000, 0x00000006c1400000|  0%| F|  |TAMS 0x00000006c1000000, 0x00000006c1000000| Untracked 
| 773|0x00000006c1400000, 0x00000006c1400000, 0x00000006c1800000|  0%| F|  |TAMS 0x00000006c1400000, 0x00000006c1400000| Untracked 
| 774|0x00000006c1800000, 0x00000006c1800000, 0x00000006c1c00000|  0%| F|  |TAMS 0x00000006c1800000, 0x00000006c1800000| Untracked 
| 775|0x00000006c1c00000, 0x00000006c1c00000, 0x00000006c2000000|  0%| F|  |TAMS 0x00000006c1c00000, 0x00000006c1c00000| Untracked 
| 776|0x00000006c2000000, 0x00000006c2000000, 0x00000006c2400000|  0%| F|  |TAMS 0x00000006c2000000, 0x00000006c2000000| Untracked 
| 777|0x00000006c2400000, 0x00000006c2400000, 0x00000006c2800000|  0%| F|  |TAMS 0x00000006c2400000, 0x00000006c2400000| Untracked 
| 778|0x00000006c2800000, 0x00000006c2800000, 0x00000006c2c00000|  0%| F|  |TAMS 0x00000006c2800000, 0x00000006c2800000| Untracked 
| 779|0x00000006c2c00000, 0x00000006c2c00000, 0x00000006c3000000|  0%| F|  |TAMS 0x00000006c2c00000, 0x00000006c2c00000| Untracked 
| 780|0x00000006c3000000, 0x00000006c3000000, 0x00000006c3400000|  0%| F|  |TAMS 0x00000006c3000000, 0x00000006c3000000| Untracked 
| 781|0x00000006c3400000, 0x00000006c3400000, 0x00000006c3800000|  0%| F|  |TAMS 0x00000006c3400000, 0x00000006c3400000| Untracked 
| 782|0x00000006c3800000, 0x00000006c3800000, 0x00000006c3c00000|  0%| F|  |TAMS 0x00000006c3800000, 0x00000006c3800000| Untracked 
| 783|0x00000006c3c00000, 0x00000006c3c00000, 0x00000006c4000000|  0%| F|  |TAMS 0x00000006c3c00000, 0x00000006c3c00000| Untracked 
| 784|0x00000006c4000000, 0x00000006c4000000, 0x00000006c4400000|  0%| F|  |TAMS 0x00000006c4000000, 0x00000006c4000000| Untracked 
| 785|0x00000006c4400000, 0x00000006c4400000, 0x00000006c4800000|  0%| F|  |TAMS 0x00000006c4400000, 0x00000006c4400000| Untracked 
| 786|0x00000006c4800000, 0x00000006c4800000, 0x00000006c4c00000|  0%| F|  |TAMS 0x00000006c4800000, 0x00000006c4800000| Untracked 
| 787|0x00000006c4c00000, 0x00000006c4c00000, 0x00000006c5000000|  0%| F|  |TAMS 0x00000006c4c00000, 0x00000006c4c00000| Untracked 
| 788|0x00000006c5000000, 0x00000006c5000000, 0x00000006c5400000|  0%| F|  |TAMS 0x00000006c5000000, 0x00000006c5000000| Untracked 
| 789|0x00000006c5400000, 0x00000006c5400000, 0x00000006c5800000|  0%| F|  |TAMS 0x00000006c5400000, 0x00000006c5400000| Untracked 
| 790|0x00000006c5800000, 0x00000006c5800000, 0x00000006c5c00000|  0%| F|  |TAMS 0x00000006c5800000, 0x00000006c5800000| Untracked 
| 791|0x00000006c5c00000, 0x00000006c5c00000, 0x00000006c6000000|  0%| F|  |TAMS 0x00000006c5c00000, 0x00000006c5c00000| Untracked 
| 792|0x00000006c6000000, 0x00000006c6000000, 0x00000006c6400000|  0%| F|  |TAMS 0x00000006c6000000, 0x00000006c6000000| Untracked 
| 793|0x00000006c6400000, 0x00000006c6400000, 0x00000006c6800000|  0%| F|  |TAMS 0x00000006c6400000, 0x00000006c6400000| Untracked 
| 794|0x00000006c6800000, 0x00000006c6800000, 0x00000006c6c00000|  0%| F|  |TAMS 0x00000006c6800000, 0x00000006c6800000| Untracked 
| 795|0x00000006c6c00000, 0x00000006c6c00000, 0x00000006c7000000|  0%| F|  |TAMS 0x00000006c6c00000, 0x00000006c6c00000| Untracked 
| 796|0x00000006c7000000, 0x00000006c7000000, 0x00000006c7400000|  0%| F|  |TAMS 0x00000006c7000000, 0x00000006c7000000| Untracked 
| 797|0x00000006c7400000, 0x00000006c7400000, 0x00000006c7800000|  0%| F|  |TAMS 0x00000006c7400000, 0x00000006c7400000| Untracked 
| 798|0x00000006c7800000, 0x00000006c7800000, 0x00000006c7c00000|  0%| F|  |TAMS 0x00000006c7800000, 0x00000006c7800000| Untracked 
| 799|0x00000006c7c00000, 0x00000006c7c00000, 0x00000006c8000000|  0%| F|  |TAMS 0x00000006c7c00000, 0x00000006c7c00000| Untracked 
| 800|0x00000006c8000000, 0x00000006c8000000, 0x00000006c8400000|  0%| F|  |TAMS 0x00000006c8000000, 0x00000006c8000000| Untracked 
| 801|0x00000006c8400000, 0x00000006c8400000, 0x00000006c8800000|  0%| F|  |TAMS 0x00000006c8400000, 0x00000006c8400000| Untracked 
| 802|0x00000006c8800000, 0x00000006c8800000, 0x00000006c8c00000|  0%| F|  |TAMS 0x00000006c8800000, 0x00000006c8800000| Untracked 
| 803|0x00000006c8c00000, 0x00000006c8c00000, 0x00000006c9000000|  0%| F|  |TAMS 0x00000006c8c00000, 0x00000006c8c00000| Untracked 
| 804|0x00000006c9000000, 0x00000006c9000000, 0x00000006c9400000|  0%| F|  |TAMS 0x00000006c9000000, 0x00000006c9000000| Untracked 
| 805|0x00000006c9400000, 0x00000006c9400000, 0x00000006c9800000|  0%| F|  |TAMS 0x00000006c9400000, 0x00000006c9400000| Untracked 
| 806|0x00000006c9800000, 0x00000006c9800000, 0x00000006c9c00000|  0%| F|  |TAMS 0x00000006c9800000, 0x00000006c9800000| Untracked 
| 807|0x00000006c9c00000, 0x00000006c9c00000, 0x00000006ca000000|  0%| F|  |TAMS 0x00000006c9c00000, 0x00000006c9c00000| Untracked 
| 808|0x00000006ca000000, 0x00000006ca000000, 0x00000006ca400000|  0%| F|  |TAMS 0x00000006ca000000, 0x00000006ca000000| Untracked 
| 809|0x00000006ca400000, 0x00000006ca400000, 0x00000006ca800000|  0%| F|  |TAMS 0x00000006ca400000, 0x00000006ca400000| Untracked 
| 810|0x00000006ca800000, 0x00000006ca800000, 0x00000006cac00000|  0%| F|  |TAMS 0x00000006ca800000, 0x00000006ca800000| Untracked 
| 811|0x00000006cac00000, 0x00000006cac00000, 0x00000006cb000000|  0%| F|  |TAMS 0x00000006cac00000, 0x00000006cac00000| Untracked 
| 812|0x00000006cb000000, 0x00000006cb000000, 0x00000006cb400000|  0%| F|  |TAMS 0x00000006cb000000, 0x00000006cb000000| Untracked 
| 813|0x00000006cb400000, 0x00000006cb400000, 0x00000006cb800000|  0%| F|  |TAMS 0x00000006cb400000, 0x00000006cb400000| Untracked 
| 814|0x00000006cb800000, 0x00000006cb800000, 0x00000006cbc00000|  0%| F|  |TAMS 0x00000006cb800000, 0x00000006cb800000| Untracked 
| 815|0x00000006cbc00000, 0x00000006cbc00000, 0x00000006cc000000|  0%| F|  |TAMS 0x00000006cbc00000, 0x00000006cbc00000| Untracked 
| 816|0x00000006cc000000, 0x00000006cc000000, 0x00000006cc400000|  0%| F|  |TAMS 0x00000006cc000000, 0x00000006cc000000| Untracked 
| 817|0x00000006cc400000, 0x00000006cc400000, 0x00000006cc800000|  0%| F|  |TAMS 0x00000006cc400000, 0x00000006cc400000| Untracked 
| 818|0x00000006cc800000, 0x00000006cc800000, 0x00000006ccc00000|  0%| F|  |TAMS 0x00000006cc800000, 0x00000006cc800000| Untracked 
| 819|0x00000006ccc00000, 0x00000006ccc00000, 0x00000006cd000000|  0%| F|  |TAMS 0x00000006ccc00000, 0x00000006ccc00000| Untracked 
| 820|0x00000006cd000000, 0x00000006cd000000, 0x00000006cd400000|  0%| F|  |TAMS 0x00000006cd000000, 0x00000006cd000000| Untracked 
| 821|0x00000006cd400000, 0x00000006cd400000, 0x00000006cd800000|  0%| F|  |TAMS 0x00000006cd400000, 0x00000006cd400000| Untracked 
| 822|0x00000006cd800000, 0x00000006cd800000, 0x00000006cdc00000|  0%| F|  |TAMS 0x00000006cd800000, 0x00000006cd800000| Untracked 
| 823|0x00000006cdc00000, 0x00000006cdc00000, 0x00000006ce000000|  0%| F|  |TAMS 0x00000006cdc00000, 0x00000006cdc00000| Untracked 
| 824|0x00000006ce000000, 0x00000006ce000000, 0x00000006ce400000|  0%| F|  |TAMS 0x00000006ce000000, 0x00000006ce000000| Untracked 
| 825|0x00000006ce400000, 0x00000006ce400000, 0x00000006ce800000|  0%| F|  |TAMS 0x00000006ce400000, 0x00000006ce400000| Untracked 
| 826|0x00000006ce800000, 0x00000006ce800000, 0x00000006cec00000|  0%| F|  |TAMS 0x00000006ce800000, 0x00000006ce800000| Untracked 
| 827|0x00000006cec00000, 0x00000006cec00000, 0x00000006cf000000|  0%| F|  |TAMS 0x00000006cec00000, 0x00000006cec00000| Untracked 
| 828|0x00000006cf000000, 0x00000006cf000000, 0x00000006cf400000|  0%| F|  |TAMS 0x00000006cf000000, 0x00000006cf000000| Untracked 
| 829|0x00000006cf400000, 0x00000006cf400000, 0x00000006cf800000|  0%| F|  |TAMS 0x00000006cf400000, 0x00000006cf400000| Untracked 
| 830|0x00000006cf800000, 0x00000006cf800000, 0x00000006cfc00000|  0%| F|  |TAMS 0x00000006cf800000, 0x00000006cf800000| Untracked 
| 831|0x00000006cfc00000, 0x00000006cfc00000, 0x00000006d0000000|  0%| F|  |TAMS 0x00000006cfc00000, 0x00000006cfc00000| Untracked 
| 832|0x00000006d0000000, 0x00000006d0000000, 0x00000006d0400000|  0%| F|  |TAMS 0x00000006d0000000, 0x00000006d0000000| Untracked 
| 833|0x00000006d0400000, 0x00000006d0400000, 0x00000006d0800000|  0%| F|  |TAMS 0x00000006d0400000, 0x00000006d0400000| Untracked 
| 834|0x00000006d0800000, 0x00000006d0800000, 0x00000006d0c00000|  0%| F|  |TAMS 0x00000006d0800000, 0x00000006d0800000| Untracked 
| 835|0x00000006d0c00000, 0x00000006d0c00000, 0x00000006d1000000|  0%| F|  |TAMS 0x00000006d0c00000, 0x00000006d0c00000| Untracked 
| 836|0x00000006d1000000, 0x00000006d1000000, 0x00000006d1400000|  0%| F|  |TAMS 0x00000006d1000000, 0x00000006d1000000| Untracked 
| 837|0x00000006d1400000, 0x00000006d1400000, 0x00000006d1800000|  0%| F|  |TAMS 0x00000006d1400000, 0x00000006d1400000| Untracked 
| 838|0x00000006d1800000, 0x00000006d1800000, 0x00000006d1c00000|  0%| F|  |TAMS 0x00000006d1800000, 0x00000006d1800000| Untracked 
| 839|0x00000006d1c00000, 0x00000006d1c00000, 0x00000006d2000000|  0%| F|  |TAMS 0x00000006d1c00000, 0x00000006d1c00000| Untracked 
| 840|0x00000006d2000000, 0x00000006d2000000, 0x00000006d2400000|  0%| F|  |TAMS 0x00000006d2000000, 0x00000006d2000000| Untracked 
| 841|0x00000006d2400000, 0x00000006d2400000, 0x00000006d2800000|  0%| F|  |TAMS 0x00000006d2400000, 0x00000006d2400000| Untracked 
| 842|0x00000006d2800000, 0x00000006d2800000, 0x00000006d2c00000|  0%| F|  |TAMS 0x00000006d2800000, 0x00000006d2800000| Untracked 
| 843|0x00000006d2c00000, 0x00000006d2c00000, 0x00000006d3000000|  0%| F|  |TAMS 0x00000006d2c00000, 0x00000006d2c00000| Untracked 
| 844|0x00000006d3000000, 0x00000006d3000000, 0x00000006d3400000|  0%| F|  |TAMS 0x00000006d3000000, 0x00000006d3000000| Untracked 
| 845|0x00000006d3400000, 0x00000006d3400000, 0x00000006d3800000|  0%| F|  |TAMS 0x00000006d3400000, 0x00000006d3400000| Untracked 
| 846|0x00000006d3800000, 0x00000006d3800000, 0x00000006d3c00000|  0%| F|  |TAMS 0x00000006d3800000, 0x00000006d3800000| Untracked 
| 847|0x00000006d3c00000, 0x00000006d3c00000, 0x00000006d4000000|  0%| F|  |TAMS 0x00000006d3c00000, 0x00000006d3c00000| Untracked 
| 848|0x00000006d4000000, 0x00000006d4000000, 0x00000006d4400000|  0%| F|  |TAMS 0x00000006d4000000, 0x00000006d4000000| Untracked 
| 849|0x00000006d4400000, 0x00000006d4400000, 0x00000006d4800000|  0%| F|  |TAMS 0x00000006d4400000, 0x00000006d4400000| Untracked 
| 850|0x00000006d4800000, 0x00000006d4800000, 0x00000006d4c00000|  0%| F|  |TAMS 0x00000006d4800000, 0x00000006d4800000| Untracked 
| 851|0x00000006d4c00000, 0x00000006d4c00000, 0x00000006d5000000|  0%| F|  |TAMS 0x00000006d4c00000, 0x00000006d4c00000| Untracked 
| 852|0x00000006d5000000, 0x00000006d5000000, 0x00000006d5400000|  0%| F|  |TAMS 0x00000006d5000000, 0x00000006d5000000| Untracked 
| 853|0x00000006d5400000, 0x00000006d5400000, 0x00000006d5800000|  0%| F|  |TAMS 0x00000006d5400000, 0x00000006d5400000| Untracked 
| 854|0x00000006d5800000, 0x00000006d5800000, 0x00000006d5c00000|  0%| F|  |TAMS 0x00000006d5800000, 0x00000006d5800000| Untracked 
| 855|0x00000006d5c00000, 0x00000006d5c00000, 0x00000006d6000000|  0%| F|  |TAMS 0x00000006d5c00000, 0x00000006d5c00000| Untracked 
| 856|0x00000006d6000000, 0x00000006d6000000, 0x00000006d6400000|  0%| F|  |TAMS 0x00000006d6000000, 0x00000006d6000000| Untracked 
| 857|0x00000006d6400000, 0x00000006d6400000, 0x00000006d6800000|  0%| F|  |TAMS 0x00000006d6400000, 0x00000006d6400000| Untracked 
| 858|0x00000006d6800000, 0x00000006d6800000, 0x00000006d6c00000|  0%| F|  |TAMS 0x00000006d6800000, 0x00000006d6800000| Untracked 
| 859|0x00000006d6c00000, 0x00000006d6c00000, 0x00000006d7000000|  0%| F|  |TAMS 0x00000006d6c00000, 0x00000006d6c00000| Untracked 
| 860|0x00000006d7000000, 0x00000006d7000000, 0x00000006d7400000|  0%| F|  |TAMS 0x00000006d7000000, 0x00000006d7000000| Untracked 
| 861|0x00000006d7400000, 0x00000006d7400000, 0x00000006d7800000|  0%| F|  |TAMS 0x00000006d7400000, 0x00000006d7400000| Untracked 
| 862|0x00000006d7800000, 0x00000006d7800000, 0x00000006d7c00000|  0%| F|  |TAMS 0x00000006d7800000, 0x00000006d7800000| Untracked 
| 863|0x00000006d7c00000, 0x00000006d7c00000, 0x00000006d8000000|  0%| F|  |TAMS 0x00000006d7c00000, 0x00000006d7c00000| Untracked 
| 864|0x00000006d8000000, 0x00000006d8000000, 0x00000006d8400000|  0%| F|  |TAMS 0x00000006d8000000, 0x00000006d8000000| Untracked 
| 865|0x00000006d8400000, 0x00000006d8400000, 0x00000006d8800000|  0%| F|  |TAMS 0x00000006d8400000, 0x00000006d8400000| Untracked 
| 866|0x00000006d8800000, 0x00000006d8800000, 0x00000006d8c00000|  0%| F|  |TAMS 0x00000006d8800000, 0x00000006d8800000| Untracked 
| 867|0x00000006d8c00000, 0x00000006d8c00000, 0x00000006d9000000|  0%| F|  |TAMS 0x00000006d8c00000, 0x00000006d8c00000| Untracked 
| 868|0x00000006d9000000, 0x00000006d9000000, 0x00000006d9400000|  0%| F|  |TAMS 0x00000006d9000000, 0x00000006d9000000| Untracked 
| 869|0x00000006d9400000, 0x00000006d9400000, 0x00000006d9800000|  0%| F|  |TAMS 0x00000006d9400000, 0x00000006d9400000| Untracked 
| 870|0x00000006d9800000, 0x00000006d9800000, 0x00000006d9c00000|  0%| F|  |TAMS 0x00000006d9800000, 0x00000006d9800000| Untracked 
| 871|0x00000006d9c00000, 0x00000006d9c00000, 0x00000006da000000|  0%| F|  |TAMS 0x00000006d9c00000, 0x00000006d9c00000| Untracked 
| 872|0x00000006da000000, 0x00000006da000000, 0x00000006da400000|  0%| F|  |TAMS 0x00000006da000000, 0x00000006da000000| Untracked 
| 873|0x00000006da400000, 0x00000006da400000, 0x00000006da800000|  0%| F|  |TAMS 0x00000006da400000, 0x00000006da400000| Untracked 
| 874|0x00000006da800000, 0x00000006da800000, 0x00000006dac00000|  0%| F|  |TAMS 0x00000006da800000, 0x00000006da800000| Untracked 
| 875|0x00000006dac00000, 0x00000006dac00000, 0x00000006db000000|  0%| F|  |TAMS 0x00000006dac00000, 0x00000006dac00000| Untracked 
| 876|0x00000006db000000, 0x00000006db000000, 0x00000006db400000|  0%| F|  |TAMS 0x00000006db000000, 0x00000006db000000| Untracked 
| 877|0x00000006db400000, 0x00000006db4c88e8, 0x00000006db800000| 19%| S|CS|TAMS 0x00000006db400000, 0x00000006db400000| Complete 
| 878|0x00000006db800000, 0x00000006dbc00000, 0x00000006dbc00000|100%| S|CS|TAMS 0x00000006db800000, 0x00000006db800000| Complete 
| 879|0x00000006dbc00000, 0x00000006dbc00000, 0x00000006dc000000|  0%| F|  |TAMS 0x00000006dbc00000, 0x00000006dbc00000| Untracked 
| 880|0x00000006dc000000, 0x00000006dc000000, 0x00000006dc400000|  0%| F|  |TAMS 0x00000006dc000000, 0x00000006dc000000| Untracked 
| 881|0x00000006dc400000, 0x00000006dc400000, 0x00000006dc800000|  0%| F|  |TAMS 0x00000006dc400000, 0x00000006dc400000| Untracked 
| 882|0x00000006dc800000, 0x00000006dc800000, 0x00000006dcc00000|  0%| F|  |TAMS 0x00000006dc800000, 0x00000006dc800000| Untracked 
| 883|0x00000006dcc00000, 0x00000006dcc00000, 0x00000006dd000000|  0%| F|  |TAMS 0x00000006dcc00000, 0x00000006dcc00000| Untracked 
| 884|0x00000006dd000000, 0x00000006dd000000, 0x00000006dd400000|  0%| F|  |TAMS 0x00000006dd000000, 0x00000006dd000000| Untracked 
| 885|0x00000006dd400000, 0x00000006dd400000, 0x00000006dd800000|  0%| F|  |TAMS 0x00000006dd400000, 0x00000006dd400000| Untracked 
| 886|0x00000006dd800000, 0x00000006dd800000, 0x00000006ddc00000|  0%| F|  |TAMS 0x00000006dd800000, 0x00000006dd800000| Untracked 
| 887|0x00000006ddc00000, 0x00000006ddc00000, 0x00000006de000000|  0%| F|  |TAMS 0x00000006ddc00000, 0x00000006ddc00000| Untracked 
| 888|0x00000006de000000, 0x00000006de000000, 0x00000006de400000|  0%| F|  |TAMS 0x00000006de000000, 0x00000006de000000| Untracked 
| 889|0x00000006de400000, 0x00000006de400000, 0x00000006de800000|  0%| F|  |TAMS 0x00000006de400000, 0x00000006de400000| Untracked 
| 890|0x00000006de800000, 0x00000006de800000, 0x00000006dec00000|  0%| F|  |TAMS 0x00000006de800000, 0x00000006de800000| Untracked 
| 891|0x00000006dec00000, 0x00000006dec00000, 0x00000006df000000|  0%| F|  |TAMS 0x00000006dec00000, 0x00000006dec00000| Untracked 
| 892|0x00000006df000000, 0x00000006df000000, 0x00000006df400000|  0%| F|  |TAMS 0x00000006df000000, 0x00000006df000000| Untracked 
| 893|0x00000006df400000, 0x00000006df400000, 0x00000006df800000|  0%| F|  |TAMS 0x00000006df400000, 0x00000006df400000| Untracked 
| 894|0x00000006df800000, 0x00000006df800000, 0x00000006dfc00000|  0%| F|  |TAMS 0x00000006df800000, 0x00000006df800000| Untracked 
| 895|0x00000006dfc00000, 0x00000006dfc00000, 0x00000006e0000000|  0%| F|  |TAMS 0x00000006dfc00000, 0x00000006dfc00000| Untracked 
| 896|0x00000006e0000000, 0x00000006e0000000, 0x00000006e0400000|  0%| F|  |TAMS 0x00000006e0000000, 0x00000006e0000000| Untracked 
| 897|0x00000006e0400000, 0x00000006e0400000, 0x00000006e0800000|  0%| F|  |TAMS 0x00000006e0400000, 0x00000006e0400000| Untracked 
| 898|0x00000006e0800000, 0x00000006e0800000, 0x00000006e0c00000|  0%| F|  |TAMS 0x00000006e0800000, 0x00000006e0800000| Untracked 
| 899|0x00000006e0c00000, 0x00000006e0c00000, 0x00000006e1000000|  0%| F|  |TAMS 0x00000006e0c00000, 0x00000006e0c00000| Untracked 
| 900|0x00000006e1000000, 0x00000006e1000000, 0x00000006e1400000|  0%| F|  |TAMS 0x00000006e1000000, 0x00000006e1000000| Untracked 
| 901|0x00000006e1400000, 0x00000006e15a8918, 0x00000006e1800000| 41%| E|  |TAMS 0x00000006e1400000, 0x00000006e1400000| Complete 
| 902|0x00000006e1800000, 0x00000006e1c00000, 0x00000006e1c00000|100%| E|CS|TAMS 0x00000006e1800000, 0x00000006e1800000| Complete 
| 903|0x00000006e1c00000, 0x00000006e2000000, 0x00000006e2000000|100%| E|CS|TAMS 0x00000006e1c00000, 0x00000006e1c00000| Complete 
| 904|0x00000006e2000000, 0x00000006e2400000, 0x00000006e2400000|100%| E|CS|TAMS 0x00000006e2000000, 0x00000006e2000000| Complete 
| 905|0x00000006e2400000, 0x00000006e2800000, 0x00000006e2800000|100%| E|CS|TAMS 0x00000006e2400000, 0x00000006e2400000| Complete 
| 906|0x00000006e2800000, 0x00000006e2c00000, 0x00000006e2c00000|100%| E|CS|TAMS 0x00000006e2800000, 0x00000006e2800000| Complete 
| 907|0x00000006e2c00000, 0x00000006e3000000, 0x00000006e3000000|100%| E|CS|TAMS 0x00000006e2c00000, 0x00000006e2c00000| Complete 
| 908|0x00000006e3000000, 0x00000006e3400000, 0x00000006e3400000|100%| E|CS|TAMS 0x00000006e3000000, 0x00000006e3000000| Complete 
| 909|0x00000006e3400000, 0x00000006e3800000, 0x00000006e3800000|100%| E|CS|TAMS 0x00000006e3400000, 0x00000006e3400000| Complete 
| 910|0x00000006e3800000, 0x00000006e3c00000, 0x00000006e3c00000|100%| E|CS|TAMS 0x00000006e3800000, 0x00000006e3800000| Complete 
| 911|0x00000006e3c00000, 0x00000006e4000000, 0x00000006e4000000|100%| E|CS|TAMS 0x00000006e3c00000, 0x00000006e3c00000| Complete 
| 912|0x00000006e4000000, 0x00000006e4400000, 0x00000006e4400000|100%| E|CS|TAMS 0x00000006e4000000, 0x00000006e4000000| Complete 
| 913|0x00000006e4400000, 0x00000006e4800000, 0x00000006e4800000|100%| E|CS|TAMS 0x00000006e4400000, 0x00000006e4400000| Complete 
| 914|0x00000006e4800000, 0x00000006e4c00000, 0x00000006e4c00000|100%| E|CS|TAMS 0x00000006e4800000, 0x00000006e4800000| Complete 
| 915|0x00000006e4c00000, 0x00000006e5000000, 0x00000006e5000000|100%| E|CS|TAMS 0x00000006e4c00000, 0x00000006e4c00000| Complete 
| 916|0x00000006e5000000, 0x00000006e5400000, 0x00000006e5400000|100%| E|CS|TAMS 0x00000006e5000000, 0x00000006e5000000| Complete 
| 917|0x00000006e5400000, 0x00000006e5800000, 0x00000006e5800000|100%| E|CS|TAMS 0x00000006e5400000, 0x00000006e5400000| Complete 
| 918|0x00000006e5800000, 0x00000006e5c00000, 0x00000006e5c00000|100%| E|CS|TAMS 0x00000006e5800000, 0x00000006e5800000| Complete 
| 919|0x00000006e5c00000, 0x00000006e6000000, 0x00000006e6000000|100%| E|CS|TAMS 0x00000006e5c00000, 0x00000006e5c00000| Complete 
| 920|0x00000006e6000000, 0x00000006e6400000, 0x00000006e6400000|100%| E|CS|TAMS 0x00000006e6000000, 0x00000006e6000000| Complete 
| 921|0x00000006e6400000, 0x00000006e6800000, 0x00000006e6800000|100%| E|CS|TAMS 0x00000006e6400000, 0x00000006e6400000| Complete 
| 922|0x00000006e6800000, 0x00000006e6c00000, 0x00000006e6c00000|100%| E|CS|TAMS 0x00000006e6800000, 0x00000006e6800000| Complete 
| 923|0x00000006e6c00000, 0x00000006e7000000, 0x00000006e7000000|100%| E|CS|TAMS 0x00000006e6c00000, 0x00000006e6c00000| Complete 
| 924|0x00000006e7000000, 0x00000006e7400000, 0x00000006e7400000|100%| E|CS|TAMS 0x00000006e7000000, 0x00000006e7000000| Complete 
| 925|0x00000006e7400000, 0x00000006e7800000, 0x00000006e7800000|100%| E|CS|TAMS 0x00000006e7400000, 0x00000006e7400000| Complete 
| 926|0x00000006e7800000, 0x00000006e7c00000, 0x00000006e7c00000|100%| E|CS|TAMS 0x00000006e7800000, 0x00000006e7800000| Complete 
| 927|0x00000006e7c00000, 0x00000006e8000000, 0x00000006e8000000|100%| E|CS|TAMS 0x00000006e7c00000, 0x00000006e7c00000| Complete 
| 928|0x00000006e8000000, 0x00000006e8400000, 0x00000006e8400000|100%| E|CS|TAMS 0x00000006e8000000, 0x00000006e8000000| Complete 
| 929|0x00000006e8400000, 0x00000006e8800000, 0x00000006e8800000|100%| E|CS|TAMS 0x00000006e8400000, 0x00000006e8400000| Complete 
| 930|0x00000006e8800000, 0x00000006e8c00000, 0x00000006e8c00000|100%| E|CS|TAMS 0x00000006e8800000, 0x00000006e8800000| Complete 
| 931|0x00000006e8c00000, 0x00000006e9000000, 0x00000006e9000000|100%| E|CS|TAMS 0x00000006e8c00000, 0x00000006e8c00000| Complete 
| 932|0x00000006e9000000, 0x00000006e9400000, 0x00000006e9400000|100%| E|CS|TAMS 0x00000006e9000000, 0x00000006e9000000| Complete 
| 933|0x00000006e9400000, 0x00000006e9800000, 0x00000006e9800000|100%| E|CS|TAMS 0x00000006e9400000, 0x00000006e9400000| Complete 
| 934|0x00000006e9800000, 0x00000006e9c00000, 0x00000006e9c00000|100%| E|CS|TAMS 0x00000006e9800000, 0x00000006e9800000| Complete 
| 935|0x00000006e9c00000, 0x00000006ea000000, 0x00000006ea000000|100%| E|CS|TAMS 0x00000006e9c00000, 0x00000006e9c00000| Complete 
| 936|0x00000006ea000000, 0x00000006ea400000, 0x00000006ea400000|100%| E|CS|TAMS 0x00000006ea000000, 0x00000006ea000000| Complete 
| 937|0x00000006ea400000, 0x00000006ea800000, 0x00000006ea800000|100%| E|CS|TAMS 0x00000006ea400000, 0x00000006ea400000| Complete 
| 938|0x00000006ea800000, 0x00000006eac00000, 0x00000006eac00000|100%| E|CS|TAMS 0x00000006ea800000, 0x00000006ea800000| Complete 
| 939|0x00000006eac00000, 0x00000006eb000000, 0x00000006eb000000|100%| E|CS|TAMS 0x00000006eac00000, 0x00000006eac00000| Complete 
| 940|0x00000006eb000000, 0x00000006eb400000, 0x00000006eb400000|100%| E|CS|TAMS 0x00000006eb000000, 0x00000006eb000000| Complete 
| 941|0x00000006eb400000, 0x00000006eb800000, 0x00000006eb800000|100%| E|CS|TAMS 0x00000006eb400000, 0x00000006eb400000| Complete 
| 942|0x00000006eb800000, 0x00000006ebc00000, 0x00000006ebc00000|100%| E|CS|TAMS 0x00000006eb800000, 0x00000006eb800000| Complete 
| 943|0x00000006ebc00000, 0x00000006ec000000, 0x00000006ec000000|100%| E|CS|TAMS 0x00000006ebc00000, 0x00000006ebc00000| Complete 
| 944|0x00000006ec000000, 0x00000006ec400000, 0x00000006ec400000|100%| E|CS|TAMS 0x00000006ec000000, 0x00000006ec000000| Complete 
| 945|0x00000006ec400000, 0x00000006ec800000, 0x00000006ec800000|100%| E|CS|TAMS 0x00000006ec400000, 0x00000006ec400000| Complete 
| 946|0x00000006ec800000, 0x00000006ecc00000, 0x00000006ecc00000|100%| E|CS|TAMS 0x00000006ec800000, 0x00000006ec800000| Complete 
| 947|0x00000006ecc00000, 0x00000006ed000000, 0x00000006ed000000|100%| E|CS|TAMS 0x00000006ecc00000, 0x00000006ecc00000| Complete 
| 948|0x00000006ed000000, 0x00000006ed400000, 0x00000006ed400000|100%| E|CS|TAMS 0x00000006ed000000, 0x00000006ed000000| Complete 
| 949|0x00000006ed400000, 0x00000006ed800000, 0x00000006ed800000|100%| E|CS|TAMS 0x00000006ed400000, 0x00000006ed400000| Complete 
| 950|0x00000006ed800000, 0x00000006edc00000, 0x00000006edc00000|100%| E|CS|TAMS 0x00000006ed800000, 0x00000006ed800000| Complete 
| 951|0x00000006edc00000, 0x00000006ee000000, 0x00000006ee000000|100%| E|CS|TAMS 0x00000006edc00000, 0x00000006edc00000| Complete 
| 952|0x00000006ee000000, 0x00000006ee400000, 0x00000006ee400000|100%| E|  |TAMS 0x00000006ee000000, 0x00000006ee000000| Complete 
| 953|0x00000006ee400000, 0x00000006ee800000, 0x00000006ee800000|100%| E|CS|TAMS 0x00000006ee400000, 0x00000006ee400000| Complete 
| 954|0x00000006ee800000, 0x00000006eec00000, 0x00000006eec00000|100%| E|CS|TAMS 0x00000006ee800000, 0x00000006ee800000| Complete 
| 955|0x00000006eec00000, 0x00000006ef000000, 0x00000006ef000000|100%| E|CS|TAMS 0x00000006eec00000, 0x00000006eec00000| Complete 
| 956|0x00000006ef000000, 0x00000006ef400000, 0x00000006ef400000|100%| E|CS|TAMS 0x00000006ef000000, 0x00000006ef000000| Complete 
| 957|0x00000006ef400000, 0x00000006ef800000, 0x00000006ef800000|100%| E|CS|TAMS 0x00000006ef400000, 0x00000006ef400000| Complete 
| 958|0x00000006ef800000, 0x00000006efc00000, 0x00000006efc00000|100%| E|CS|TAMS 0x00000006ef800000, 0x00000006ef800000| Complete 
| 959|0x00000006efc00000, 0x00000006f0000000, 0x00000006f0000000|100%| E|CS|TAMS 0x00000006efc00000, 0x00000006efc00000| Complete 
| 960|0x00000006f0000000, 0x00000006f0400000, 0x00000006f0400000|100%| E|CS|TAMS 0x00000006f0000000, 0x00000006f0000000| Complete 
| 961|0x00000006f0400000, 0x00000006f0800000, 0x00000006f0800000|100%| E|CS|TAMS 0x00000006f0400000, 0x00000006f0400000| Complete 
| 962|0x00000006f0800000, 0x00000006f0c00000, 0x00000006f0c00000|100%| E|CS|TAMS 0x00000006f0800000, 0x00000006f0800000| Complete 
| 963|0x00000006f0c00000, 0x00000006f1000000, 0x00000006f1000000|100%| E|CS|TAMS 0x00000006f0c00000, 0x00000006f0c00000| Complete 
| 964|0x00000006f1000000, 0x00000006f1400000, 0x00000006f1400000|100%| E|CS|TAMS 0x00000006f1000000, 0x00000006f1000000| Complete 
| 965|0x00000006f1400000, 0x00000006f1800000, 0x00000006f1800000|100%| E|CS|TAMS 0x00000006f1400000, 0x00000006f1400000| Complete 
| 966|0x00000006f1800000, 0x00000006f1c00000, 0x00000006f1c00000|100%| E|CS|TAMS 0x00000006f1800000, 0x00000006f1800000| Complete 
| 967|0x00000006f1c00000, 0x00000006f2000000, 0x00000006f2000000|100%| E|CS|TAMS 0x00000006f1c00000, 0x00000006f1c00000| Complete 
| 968|0x00000006f2000000, 0x00000006f2400000, 0x00000006f2400000|100%| E|CS|TAMS 0x00000006f2000000, 0x00000006f2000000| Complete 
| 969|0x00000006f2400000, 0x00000006f2800000, 0x00000006f2800000|100%| E|CS|TAMS 0x00000006f2400000, 0x00000006f2400000| Complete 
| 970|0x00000006f2800000, 0x00000006f2c00000, 0x00000006f2c00000|100%| E|CS|TAMS 0x00000006f2800000, 0x00000006f2800000| Complete 
| 971|0x00000006f2c00000, 0x00000006f3000000, 0x00000006f3000000|100%| E|CS|TAMS 0x00000006f2c00000, 0x00000006f2c00000| Complete 
| 972|0x00000006f3000000, 0x00000006f3400000, 0x00000006f3400000|100%| E|CS|TAMS 0x00000006f3000000, 0x00000006f3000000| Complete 
| 973|0x00000006f3400000, 0x00000006f3800000, 0x00000006f3800000|100%| E|CS|TAMS 0x00000006f3400000, 0x00000006f3400000| Complete 
| 974|0x00000006f3800000, 0x00000006f3c00000, 0x00000006f3c00000|100%| E|CS|TAMS 0x00000006f3800000, 0x00000006f3800000| Complete 
| 975|0x00000006f3c00000, 0x00000006f4000000, 0x00000006f4000000|100%| E|CS|TAMS 0x00000006f3c00000, 0x00000006f3c00000| Complete 
| 976|0x00000006f4000000, 0x00000006f4400000, 0x00000006f4400000|100%| E|CS|TAMS 0x00000006f4000000, 0x00000006f4000000| Complete 
| 977|0x00000006f4400000, 0x00000006f4800000, 0x00000006f4800000|100%| E|CS|TAMS 0x00000006f4400000, 0x00000006f4400000| Complete 
| 978|0x00000006f4800000, 0x00000006f4c00000, 0x00000006f4c00000|100%| E|CS|TAMS 0x00000006f4800000, 0x00000006f4800000| Complete 
| 979|0x00000006f4c00000, 0x00000006f5000000, 0x00000006f5000000|100%| E|CS|TAMS 0x00000006f4c00000, 0x00000006f4c00000| Complete 
| 980|0x00000006f5000000, 0x00000006f5400000, 0x00000006f5400000|100%| E|CS|TAMS 0x00000006f5000000, 0x00000006f5000000| Complete 
| 981|0x00000006f5400000, 0x00000006f5800000, 0x00000006f5800000|100%| E|CS|TAMS 0x00000006f5400000, 0x00000006f5400000| Complete 
| 982|0x00000006f5800000, 0x00000006f5c00000, 0x00000006f5c00000|100%| E|CS|TAMS 0x00000006f5800000, 0x00000006f5800000| Complete 
| 983|0x00000006f5c00000, 0x00000006f6000000, 0x00000006f6000000|100%| E|CS|TAMS 0x00000006f5c00000, 0x00000006f5c00000| Complete 
| 984|0x00000006f6000000, 0x00000006f6400000, 0x00000006f6400000|100%| E|CS|TAMS 0x00000006f6000000, 0x00000006f6000000| Complete 
| 985|0x00000006f6400000, 0x00000006f6800000, 0x00000006f6800000|100%| E|CS|TAMS 0x00000006f6400000, 0x00000006f6400000| Complete 
| 986|0x00000006f6800000, 0x00000006f6c00000, 0x00000006f6c00000|100%| E|CS|TAMS 0x00000006f6800000, 0x00000006f6800000| Complete 
| 987|0x00000006f6c00000, 0x00000006f7000000, 0x00000006f7000000|100%| E|CS|TAMS 0x00000006f6c00000, 0x00000006f6c00000| Complete 
| 988|0x00000006f7000000, 0x00000006f7400000, 0x00000006f7400000|100%| E|CS|TAMS 0x00000006f7000000, 0x00000006f7000000| Complete 
| 989|0x00000006f7400000, 0x00000006f7800000, 0x00000006f7800000|100%| E|CS|TAMS 0x00000006f7400000, 0x00000006f7400000| Complete 
| 990|0x00000006f7800000, 0x00000006f7c00000, 0x00000006f7c00000|100%| E|CS|TAMS 0x00000006f7800000, 0x00000006f7800000| Complete 
| 991|0x00000006f7c00000, 0x00000006f8000000, 0x00000006f8000000|100%| E|CS|TAMS 0x00000006f7c00000, 0x00000006f7c00000| Complete 
| 992|0x00000006f8000000, 0x00000006f8400000, 0x00000006f8400000|100%| E|CS|TAMS 0x00000006f8000000, 0x00000006f8000000| Complete 
| 993|0x00000006f8400000, 0x00000006f8800000, 0x00000006f8800000|100%| E|CS|TAMS 0x00000006f8400000, 0x00000006f8400000| Complete 
| 994|0x00000006f8800000, 0x00000006f8c00000, 0x00000006f8c00000|100%| E|CS|TAMS 0x00000006f8800000, 0x00000006f8800000| Complete 
| 995|0x00000006f8c00000, 0x00000006f9000000, 0x00000006f9000000|100%| E|CS|TAMS 0x00000006f8c00000, 0x00000006f8c00000| Complete 
| 996|0x00000006f9000000, 0x00000006f9400000, 0x00000006f9400000|100%| E|CS|TAMS 0x00000006f9000000, 0x00000006f9000000| Complete 
| 997|0x00000006f9400000, 0x00000006f9800000, 0x00000006f9800000|100%| E|CS|TAMS 0x00000006f9400000, 0x00000006f9400000| Complete 
| 998|0x00000006f9800000, 0x00000006f9c00000, 0x00000006f9c00000|100%| E|CS|TAMS 0x00000006f9800000, 0x00000006f9800000| Complete 
| 999|0x00000006f9c00000, 0x00000006fa000000, 0x00000006fa000000|100%| E|CS|TAMS 0x00000006f9c00000, 0x00000006f9c00000| Complete 
|1000|0x00000006fa000000, 0x00000006fa400000, 0x00000006fa400000|100%| E|CS|TAMS 0x00000006fa000000, 0x00000006fa000000| Complete 
|1001|0x00000006fa400000, 0x00000006fa800000, 0x00000006fa800000|100%| E|CS|TAMS 0x00000006fa400000, 0x00000006fa400000| Complete 
|1002|0x00000006fa800000, 0x00000006fac00000, 0x00000006fac00000|100%| E|CS|TAMS 0x00000006fa800000, 0x00000006fa800000| Complete 
|1003|0x00000006fac00000, 0x00000006fb000000, 0x00000006fb000000|100%| E|CS|TAMS 0x00000006fac00000, 0x00000006fac00000| Complete 
|1004|0x00000006fb000000, 0x00000006fb400000, 0x00000006fb400000|100%| E|CS|TAMS 0x00000006fb000000, 0x00000006fb000000| Complete 
|1005|0x00000006fb400000, 0x00000006fb800000, 0x00000006fb800000|100%| E|CS|TAMS 0x00000006fb400000, 0x00000006fb400000| Complete 
|1006|0x00000006fb800000, 0x00000006fbc00000, 0x00000006fbc00000|100%| E|CS|TAMS 0x00000006fb800000, 0x00000006fb800000| Complete 
|1007|0x00000006fbc00000, 0x00000006fc000000, 0x00000006fc000000|100%| E|CS|TAMS 0x00000006fbc00000, 0x00000006fbc00000| Complete 
|1008|0x00000006fc000000, 0x00000006fc400000, 0x00000006fc400000|100%| E|CS|TAMS 0x00000006fc000000, 0x00000006fc000000| Complete 
|1009|0x00000006fc400000, 0x00000006fc800000, 0x00000006fc800000|100%| E|CS|TAMS 0x00000006fc400000, 0x00000006fc400000| Complete 
|1010|0x00000006fc800000, 0x00000006fcc00000, 0x00000006fcc00000|100%| E|CS|TAMS 0x00000006fc800000, 0x00000006fc800000| Complete 
|1011|0x00000006fcc00000, 0x00000006fd000000, 0x00000006fd000000|100%| E|CS|TAMS 0x00000006fcc00000, 0x00000006fcc00000| Complete 
|1012|0x00000006fd000000, 0x00000006fd400000, 0x00000006fd400000|100%| E|CS|TAMS 0x00000006fd000000, 0x00000006fd000000| Complete 
|1013|0x00000006fd400000, 0x00000006fd800000, 0x00000006fd800000|100%| E|CS|TAMS 0x00000006fd400000, 0x00000006fd400000| Complete 
|1014|0x00000006fd800000, 0x00000006fdc00000, 0x00000006fdc00000|100%| E|CS|TAMS 0x00000006fd800000, 0x00000006fd800000| Complete 
|1015|0x00000006fdc00000, 0x00000006fe000000, 0x00000006fe000000|100%| E|CS|TAMS 0x00000006fdc00000, 0x00000006fdc00000| Complete 
|1016|0x00000006fe000000, 0x00000006fe400000, 0x00000006fe400000|100%| E|CS|TAMS 0x00000006fe000000, 0x00000006fe000000| Complete 
|1017|0x00000006fe400000, 0x00000006fe800000, 0x00000006fe800000|100%| E|CS|TAMS 0x00000006fe400000, 0x00000006fe400000| Complete 
|1018|0x00000006fe800000, 0x00000006fec00000, 0x00000006fec00000|100%| E|CS|TAMS 0x00000006fe800000, 0x00000006fe800000| Complete 
|1019|0x00000006fec00000, 0x00000006ff000000, 0x00000006ff000000|100%| E|CS|TAMS 0x00000006fec00000, 0x00000006fec00000| Complete 
|1020|0x00000006ff000000, 0x00000006ff400000, 0x00000006ff400000|100%| E|CS|TAMS 0x00000006ff000000, 0x00000006ff000000| Complete 
|1021|0x00000006ff400000, 0x00000006ff800000, 0x00000006ff800000|100%| E|CS|TAMS 0x00000006ff400000, 0x00000006ff400000| Complete 
|1022|0x00000006ff800000, 0x00000006ffc00000, 0x00000006ffc00000|100%| E|CS|TAMS 0x00000006ff800000, 0x00000006ff800000| Complete 
|1023|0x00000006ffc00000, 0x0000000700000000, 0x0000000700000000|100%| E|CS|TAMS 0x00000006ffc00000, 0x00000006ffc00000| Complete 
|1024|0x0000000700000000, 0x0000000700400000, 0x0000000700400000|100%| E|CS|TAMS 0x0000000700000000, 0x0000000700000000| Complete 
|1025|0x0000000700400000, 0x0000000700800000, 0x0000000700800000|100%| E|CS|TAMS 0x0000000700400000, 0x0000000700400000| Complete 
|1026|0x0000000700800000, 0x0000000700c00000, 0x0000000700c00000|100%| E|CS|TAMS 0x0000000700800000, 0x0000000700800000| Complete 
|1027|0x0000000700c00000, 0x0000000701000000, 0x0000000701000000|100%| E|CS|TAMS 0x0000000700c00000, 0x0000000700c00000| Complete 
|1028|0x0000000701000000, 0x0000000701400000, 0x0000000701400000|100%| E|CS|TAMS 0x0000000701000000, 0x0000000701000000| Complete 
|1029|0x0000000701400000, 0x0000000701800000, 0x0000000701800000|100%| E|CS|TAMS 0x0000000701400000, 0x0000000701400000| Complete 
|1030|0x0000000701800000, 0x0000000701c00000, 0x0000000701c00000|100%| E|CS|TAMS 0x0000000701800000, 0x0000000701800000| Complete 
|1031|0x0000000701c00000, 0x0000000702000000, 0x0000000702000000|100%| E|CS|TAMS 0x0000000701c00000, 0x0000000701c00000| Complete 
|1032|0x0000000702000000, 0x0000000702400000, 0x0000000702400000|100%| E|CS|TAMS 0x0000000702000000, 0x0000000702000000| Complete 
|1033|0x0000000702400000, 0x0000000702800000, 0x0000000702800000|100%| E|CS|TAMS 0x0000000702400000, 0x0000000702400000| Complete 
|1034|0x0000000702800000, 0x0000000702c00000, 0x0000000702c00000|100%| E|CS|TAMS 0x0000000702800000, 0x0000000702800000| Complete 
|1035|0x0000000702c00000, 0x0000000703000000, 0x0000000703000000|100%| E|CS|TAMS 0x0000000702c00000, 0x0000000702c00000| Complete 
|1036|0x0000000703000000, 0x0000000703400000, 0x0000000703400000|100%| E|CS|TAMS 0x0000000703000000, 0x0000000703000000| Complete 
|1037|0x0000000703400000, 0x0000000703800000, 0x0000000703800000|100%| E|CS|TAMS 0x0000000703400000, 0x0000000703400000| Complete 
|1038|0x0000000703800000, 0x0000000703c00000, 0x0000000703c00000|100%| E|CS|TAMS 0x0000000703800000, 0x0000000703800000| Complete 
|1039|0x0000000703c00000, 0x0000000704000000, 0x0000000704000000|100%| E|CS|TAMS 0x0000000703c00000, 0x0000000703c00000| Complete 
|1040|0x0000000704000000, 0x0000000704400000, 0x0000000704400000|100%| E|CS|TAMS 0x0000000704000000, 0x0000000704000000| Complete 
|1041|0x0000000704400000, 0x0000000704800000, 0x0000000704800000|100%| E|CS|TAMS 0x0000000704400000, 0x0000000704400000| Complete 
|1042|0x0000000704800000, 0x0000000704c00000, 0x0000000704c00000|100%| E|CS|TAMS 0x0000000704800000, 0x0000000704800000| Complete 
|1043|0x0000000704c00000, 0x0000000705000000, 0x0000000705000000|100%| E|CS|TAMS 0x0000000704c00000, 0x0000000704c00000| Complete 
|1044|0x0000000705000000, 0x0000000705400000, 0x0000000705400000|100%| E|CS|TAMS 0x0000000705000000, 0x0000000705000000| Complete 
|1045|0x0000000705400000, 0x0000000705800000, 0x0000000705800000|100%| E|CS|TAMS 0x0000000705400000, 0x0000000705400000| Complete 
|1046|0x0000000705800000, 0x0000000705c00000, 0x0000000705c00000|100%| E|CS|TAMS 0x0000000705800000, 0x0000000705800000| Complete 
|1047|0x0000000705c00000, 0x0000000706000000, 0x0000000706000000|100%| E|CS|TAMS 0x0000000705c00000, 0x0000000705c00000| Complete 
|1048|0x0000000706000000, 0x0000000706400000, 0x0000000706400000|100%| E|CS|TAMS 0x0000000706000000, 0x0000000706000000| Complete 
|1049|0x0000000706400000, 0x0000000706800000, 0x0000000706800000|100%| E|CS|TAMS 0x0000000706400000, 0x0000000706400000| Complete 
|1050|0x0000000706800000, 0x0000000706c00000, 0x0000000706c00000|100%| E|CS|TAMS 0x0000000706800000, 0x0000000706800000| Complete 
|1051|0x0000000706c00000, 0x0000000707000000, 0x0000000707000000|100%| E|CS|TAMS 0x0000000706c00000, 0x0000000706c00000| Complete 
|1052|0x0000000707000000, 0x0000000707400000, 0x0000000707400000|100%| E|CS|TAMS 0x0000000707000000, 0x0000000707000000| Complete 
|1053|0x0000000707400000, 0x0000000707800000, 0x0000000707800000|100%| E|CS|TAMS 0x0000000707400000, 0x0000000707400000| Complete 
|1054|0x0000000707800000, 0x0000000707c00000, 0x0000000707c00000|100%| E|CS|TAMS 0x0000000707800000, 0x0000000707800000| Complete 
|1055|0x0000000707c00000, 0x0000000708000000, 0x0000000708000000|100%| E|CS|TAMS 0x0000000707c00000, 0x0000000707c00000| Complete 
|1056|0x0000000708000000, 0x0000000708400000, 0x0000000708400000|100%| E|CS|TAMS 0x0000000708000000, 0x0000000708000000| Complete 
|1057|0x0000000708400000, 0x0000000708800000, 0x0000000708800000|100%| E|CS|TAMS 0x0000000708400000, 0x0000000708400000| Complete 
|1058|0x0000000708800000, 0x0000000708c00000, 0x0000000708c00000|100%| E|CS|TAMS 0x0000000708800000, 0x0000000708800000| Complete 
|1059|0x0000000708c00000, 0x0000000709000000, 0x0000000709000000|100%| E|CS|TAMS 0x0000000708c00000, 0x0000000708c00000| Complete 
|1060|0x0000000709000000, 0x0000000709400000, 0x0000000709400000|100%| E|CS|TAMS 0x0000000709000000, 0x0000000709000000| Complete 
|1061|0x0000000709400000, 0x0000000709800000, 0x0000000709800000|100%| E|CS|TAMS 0x0000000709400000, 0x0000000709400000| Complete 
|1062|0x0000000709800000, 0x0000000709c00000, 0x0000000709c00000|100%| E|CS|TAMS 0x0000000709800000, 0x0000000709800000| Complete 
|1063|0x0000000709c00000, 0x000000070a000000, 0x000000070a000000|100%| E|CS|TAMS 0x0000000709c00000, 0x0000000709c00000| Complete 
|1064|0x000000070a000000, 0x000000070a400000, 0x000000070a400000|100%| E|CS|TAMS 0x000000070a000000, 0x000000070a000000| Complete 
|1065|0x000000070a400000, 0x000000070a800000, 0x000000070a800000|100%| E|CS|TAMS 0x000000070a400000, 0x000000070a400000| Complete 
|1066|0x000000070a800000, 0x000000070ac00000, 0x000000070ac00000|100%| E|CS|TAMS 0x000000070a800000, 0x000000070a800000| Complete 
|1067|0x000000070ac00000, 0x000000070b000000, 0x000000070b000000|100%| E|CS|TAMS 0x000000070ac00000, 0x000000070ac00000| Complete 
|1068|0x000000070b000000, 0x000000070b400000, 0x000000070b400000|100%| E|CS|TAMS 0x000000070b000000, 0x000000070b000000| Complete 
|1069|0x000000070b400000, 0x000000070b800000, 0x000000070b800000|100%| E|CS|TAMS 0x000000070b400000, 0x000000070b400000| Complete 
|1070|0x000000070b800000, 0x000000070bc00000, 0x000000070bc00000|100%| E|CS|TAMS 0x000000070b800000, 0x000000070b800000| Complete 
|1071|0x000000070bc00000, 0x000000070c000000, 0x000000070c000000|100%| E|CS|TAMS 0x000000070bc00000, 0x000000070bc00000| Complete 
|1072|0x000000070c000000, 0x000000070c400000, 0x000000070c400000|100%| E|CS|TAMS 0x000000070c000000, 0x000000070c000000| Complete 
|1073|0x000000070c400000, 0x000000070c800000, 0x000000070c800000|100%| E|CS|TAMS 0x000000070c400000, 0x000000070c400000| Complete 
|1074|0x000000070c800000, 0x000000070cc00000, 0x000000070cc00000|100%| E|CS|TAMS 0x000000070c800000, 0x000000070c800000| Complete 
|1075|0x000000070cc00000, 0x000000070d000000, 0x000000070d000000|100%| E|CS|TAMS 0x000000070cc00000, 0x000000070cc00000| Complete 
|1076|0x000000070d000000, 0x000000070d400000, 0x000000070d400000|100%| E|CS|TAMS 0x000000070d000000, 0x000000070d000000| Complete 
|1077|0x000000070d400000, 0x000000070d800000, 0x000000070d800000|100%| E|CS|TAMS 0x000000070d400000, 0x000000070d400000| Complete 
|1078|0x000000070d800000, 0x000000070dc00000, 0x000000070dc00000|100%| E|CS|TAMS 0x000000070d800000, 0x000000070d800000| Complete 
|1079|0x000000070dc00000, 0x000000070e000000, 0x000000070e000000|100%| E|CS|TAMS 0x000000070dc00000, 0x000000070dc00000| Complete 
|1080|0x000000070e000000, 0x000000070e400000, 0x000000070e400000|100%| E|CS|TAMS 0x000000070e000000, 0x000000070e000000| Complete 
|1081|0x000000070e400000, 0x000000070e800000, 0x000000070e800000|100%| E|CS|TAMS 0x000000070e400000, 0x000000070e400000| Complete 
|1082|0x000000070e800000, 0x000000070ec00000, 0x000000070ec00000|100%| E|CS|TAMS 0x000000070e800000, 0x000000070e800000| Complete 
|1083|0x000000070ec00000, 0x000000070f000000, 0x000000070f000000|100%| E|CS|TAMS 0x000000070ec00000, 0x000000070ec00000| Complete 
|1084|0x000000070f000000, 0x000000070f400000, 0x000000070f400000|100%| E|CS|TAMS 0x000000070f000000, 0x000000070f000000| Complete 
|1085|0x000000070f400000, 0x000000070f800000, 0x000000070f800000|100%| E|CS|TAMS 0x000000070f400000, 0x000000070f400000| Complete 
|1086|0x000000070f800000, 0x000000070fc00000, 0x000000070fc00000|100%| E|CS|TAMS 0x000000070f800000, 0x000000070f800000| Complete 
|1087|0x000000070fc00000, 0x0000000710000000, 0x0000000710000000|100%| E|CS|TAMS 0x000000070fc00000, 0x000000070fc00000| Complete 
|1088|0x0000000710000000, 0x0000000710400000, 0x0000000710400000|100%| E|CS|TAMS 0x0000000710000000, 0x0000000710000000| Complete 
|1089|0x0000000710400000, 0x0000000710800000, 0x0000000710800000|100%| E|CS|TAMS 0x0000000710400000, 0x0000000710400000| Complete 
|1090|0x0000000710800000, 0x0000000710c00000, 0x0000000710c00000|100%| E|CS|TAMS 0x0000000710800000, 0x0000000710800000| Complete 
|1091|0x0000000710c00000, 0x0000000711000000, 0x0000000711000000|100%| E|CS|TAMS 0x0000000710c00000, 0x0000000710c00000| Complete 
|1092|0x0000000711000000, 0x0000000711400000, 0x0000000711400000|100%| E|CS|TAMS 0x0000000711000000, 0x0000000711000000| Complete 
|1093|0x0000000711400000, 0x0000000711800000, 0x0000000711800000|100%| E|CS|TAMS 0x0000000711400000, 0x0000000711400000| Complete 
|1094|0x0000000711800000, 0x0000000711c00000, 0x0000000711c00000|100%| E|CS|TAMS 0x0000000711800000, 0x0000000711800000| Complete 
|1095|0x0000000711c00000, 0x0000000712000000, 0x0000000712000000|100%| E|CS|TAMS 0x0000000711c00000, 0x0000000711c00000| Complete 
|1096|0x0000000712000000, 0x0000000712400000, 0x0000000712400000|100%| E|CS|TAMS 0x0000000712000000, 0x0000000712000000| Complete 
|1097|0x0000000712400000, 0x0000000712800000, 0x0000000712800000|100%| E|CS|TAMS 0x0000000712400000, 0x0000000712400000| Complete 
|1098|0x0000000712800000, 0x0000000712c00000, 0x0000000712c00000|100%| E|CS|TAMS 0x0000000712800000, 0x0000000712800000| Complete 
|1099|0x0000000712c00000, 0x0000000713000000, 0x0000000713000000|100%| E|CS|TAMS 0x0000000712c00000, 0x0000000712c00000| Complete 
|1100|0x0000000713000000, 0x0000000713400000, 0x0000000713400000|100%| E|CS|TAMS 0x0000000713000000, 0x0000000713000000| Complete 
|1101|0x0000000713400000, 0x0000000713800000, 0x0000000713800000|100%| E|CS|TAMS 0x0000000713400000, 0x0000000713400000| Complete 
|1102|0x0000000713800000, 0x0000000713c00000, 0x0000000713c00000|100%| E|CS|TAMS 0x0000000713800000, 0x0000000713800000| Complete 
|1103|0x0000000713c00000, 0x0000000714000000, 0x0000000714000000|100%| E|CS|TAMS 0x0000000713c00000, 0x0000000713c00000| Complete 
|1104|0x0000000714000000, 0x0000000714400000, 0x0000000714400000|100%| E|CS|TAMS 0x0000000714000000, 0x0000000714000000| Complete 
|1105|0x0000000714400000, 0x0000000714800000, 0x0000000714800000|100%| E|CS|TAMS 0x0000000714400000, 0x0000000714400000| Complete 
|1106|0x0000000714800000, 0x0000000714c00000, 0x0000000714c00000|100%| E|CS|TAMS 0x0000000714800000, 0x0000000714800000| Complete 
|1107|0x0000000714c00000, 0x0000000715000000, 0x0000000715000000|100%| E|CS|TAMS 0x0000000714c00000, 0x0000000714c00000| Complete 
|1108|0x0000000715000000, 0x0000000715400000, 0x0000000715400000|100%| E|CS|TAMS 0x0000000715000000, 0x0000000715000000| Complete 
|1109|0x0000000715400000, 0x0000000715800000, 0x0000000715800000|100%| E|CS|TAMS 0x0000000715400000, 0x0000000715400000| Complete 
|1110|0x0000000715800000, 0x0000000715c00000, 0x0000000715c00000|100%| E|CS|TAMS 0x0000000715800000, 0x0000000715800000| Complete 
|1111|0x0000000715c00000, 0x0000000716000000, 0x0000000716000000|100%| E|CS|TAMS 0x0000000715c00000, 0x0000000715c00000| Complete 
|1112|0x0000000716000000, 0x0000000716400000, 0x0000000716400000|100%| E|CS|TAMS 0x0000000716000000, 0x0000000716000000| Complete 
|1113|0x0000000716400000, 0x0000000716800000, 0x0000000716800000|100%| E|CS|TAMS 0x0000000716400000, 0x0000000716400000| Complete 
|1114|0x0000000716800000, 0x0000000716c00000, 0x0000000716c00000|100%| E|CS|TAMS 0x0000000716800000, 0x0000000716800000| Complete 
|1115|0x0000000716c00000, 0x0000000717000000, 0x0000000717000000|100%| E|CS|TAMS 0x0000000716c00000, 0x0000000716c00000| Complete 
|1116|0x0000000717000000, 0x0000000717400000, 0x0000000717400000|100%| E|CS|TAMS 0x0000000717000000, 0x0000000717000000| Complete 
|1117|0x0000000717400000, 0x0000000717800000, 0x0000000717800000|100%| E|CS|TAMS 0x0000000717400000, 0x0000000717400000| Complete 
|1118|0x0000000717800000, 0x0000000717c00000, 0x0000000717c00000|100%| E|CS|TAMS 0x0000000717800000, 0x0000000717800000| Complete 
|1119|0x0000000717c00000, 0x0000000718000000, 0x0000000718000000|100%| E|CS|TAMS 0x0000000717c00000, 0x0000000717c00000| Complete 
|1120|0x0000000718000000, 0x0000000718400000, 0x0000000718400000|100%| E|CS|TAMS 0x0000000718000000, 0x0000000718000000| Complete 
|1121|0x0000000718400000, 0x0000000718800000, 0x0000000718800000|100%| E|CS|TAMS 0x0000000718400000, 0x0000000718400000| Complete 
|1122|0x0000000718800000, 0x0000000718c00000, 0x0000000718c00000|100%| E|CS|TAMS 0x0000000718800000, 0x0000000718800000| Complete 
|1123|0x0000000718c00000, 0x0000000719000000, 0x0000000719000000|100%| E|CS|TAMS 0x0000000718c00000, 0x0000000718c00000| Complete 
|1124|0x0000000719000000, 0x0000000719400000, 0x0000000719400000|100%| E|CS|TAMS 0x0000000719000000, 0x0000000719000000| Complete 
|1125|0x0000000719400000, 0x0000000719800000, 0x0000000719800000|100%| E|CS|TAMS 0x0000000719400000, 0x0000000719400000| Complete 
|1126|0x0000000719800000, 0x0000000719c00000, 0x0000000719c00000|100%| E|CS|TAMS 0x0000000719800000, 0x0000000719800000| Complete 
|1127|0x0000000719c00000, 0x000000071a000000, 0x000000071a000000|100%| E|CS|TAMS 0x0000000719c00000, 0x0000000719c00000| Complete 
|1128|0x000000071a000000, 0x000000071a400000, 0x000000071a400000|100%| E|CS|TAMS 0x000000071a000000, 0x000000071a000000| Complete 
|1129|0x000000071a400000, 0x000000071a800000, 0x000000071a800000|100%| E|CS|TAMS 0x000000071a400000, 0x000000071a400000| Complete 
|1130|0x000000071a800000, 0x000000071ac00000, 0x000000071ac00000|100%| E|CS|TAMS 0x000000071a800000, 0x000000071a800000| Complete 
|1131|0x000000071ac00000, 0x000000071b000000, 0x000000071b000000|100%| E|CS|TAMS 0x000000071ac00000, 0x000000071ac00000| Complete 
|1132|0x000000071b000000, 0x000000071b400000, 0x000000071b400000|100%| E|CS|TAMS 0x000000071b000000, 0x000000071b000000| Complete 
|1133|0x000000071b400000, 0x000000071b800000, 0x000000071b800000|100%| E|CS|TAMS 0x000000071b400000, 0x000000071b400000| Complete 
|1134|0x000000071b800000, 0x000000071bc00000, 0x000000071bc00000|100%| E|CS|TAMS 0x000000071b800000, 0x000000071b800000| Complete 
|1135|0x000000071bc00000, 0x000000071c000000, 0x000000071c000000|100%| E|CS|TAMS 0x000000071bc00000, 0x000000071bc00000| Complete 
|1136|0x000000071c000000, 0x000000071c400000, 0x000000071c400000|100%| E|CS|TAMS 0x000000071c000000, 0x000000071c000000| Complete 
|1137|0x000000071c400000, 0x000000071c800000, 0x000000071c800000|100%| E|CS|TAMS 0x000000071c400000, 0x000000071c400000| Complete 
|1138|0x000000071c800000, 0x000000071cc00000, 0x000000071cc00000|100%| E|CS|TAMS 0x000000071c800000, 0x000000071c800000| Complete 
|1139|0x000000071cc00000, 0x000000071d000000, 0x000000071d000000|100%| E|CS|TAMS 0x000000071cc00000, 0x000000071cc00000| Complete 
|1140|0x000000071d000000, 0x000000071d400000, 0x000000071d400000|100%| E|CS|TAMS 0x000000071d000000, 0x000000071d000000| Complete 
|1141|0x000000071d400000, 0x000000071d800000, 0x000000071d800000|100%| E|CS|TAMS 0x000000071d400000, 0x000000071d400000| Complete 
|1142|0x000000071d800000, 0x000000071dc00000, 0x000000071dc00000|100%| E|CS|TAMS 0x000000071d800000, 0x000000071d800000| Complete 
|1143|0x000000071dc00000, 0x000000071e000000, 0x000000071e000000|100%| E|CS|TAMS 0x000000071dc00000, 0x000000071dc00000| Complete 
|1144|0x000000071e000000, 0x000000071e400000, 0x000000071e400000|100%| E|CS|TAMS 0x000000071e000000, 0x000000071e000000| Complete 
|1145|0x000000071e400000, 0x000000071e800000, 0x000000071e800000|100%| E|CS|TAMS 0x000000071e400000, 0x000000071e400000| Complete 
|1146|0x000000071e800000, 0x000000071ec00000, 0x000000071ec00000|100%| E|CS|TAMS 0x000000071e800000, 0x000000071e800000| Complete 
|1147|0x000000071ec00000, 0x000000071f000000, 0x000000071f000000|100%| E|CS|TAMS 0x000000071ec00000, 0x000000071ec00000| Complete 
|1148|0x000000071f000000, 0x000000071f400000, 0x000000071f400000|100%| E|CS|TAMS 0x000000071f000000, 0x000000071f000000| Complete 
|1149|0x000000071f400000, 0x000000071f800000, 0x000000071f800000|100%| E|CS|TAMS 0x000000071f400000, 0x000000071f400000| Complete 
|1150|0x000000071f800000, 0x000000071fc00000, 0x000000071fc00000|100%| E|CS|TAMS 0x000000071f800000, 0x000000071f800000| Complete 
|1151|0x000000071fc00000, 0x0000000720000000, 0x0000000720000000|100%| E|CS|TAMS 0x000000071fc00000, 0x000000071fc00000| Complete 
|1152|0x0000000720000000, 0x0000000720400000, 0x0000000720400000|100%| E|CS|TAMS 0x0000000720000000, 0x0000000720000000| Complete 
|1153|0x0000000720400000, 0x0000000720800000, 0x0000000720800000|100%| E|CS|TAMS 0x0000000720400000, 0x0000000720400000| Complete 

Card table byte_map: [0x000001e94f390000,0x000001e950390000] _byte_map_base: 0x000001e94c390000

Marking Bits (Prev, Next): (CMBitMap*) 0x000001e92aa340a0, (CMBitMap*) 0x000001e92aa340e0
 Prev Bits: [0x000001e951390000, 0x000001e959390000)
 Next Bits: [0x000001e959390000, 0x000001e961390000)

Polling page: 0x000001e928950000

Metaspace:

Usage:
  Non-class:    214.35 MB used.
      Class:     31.07 MB used.
       Both:    245.41 MB used.

Virtual space:
  Non-class space:      224.00 MB reserved,     215.69 MB ( 96%) committed,  28 nodes.
      Class space:        1.00 GB reserved,      32.25 MB (  3%) committed,  1 nodes.
             Both:        1.22 GB reserved,     247.94 MB ( 20%) committed. 

Chunk freelists:
   Non-Class:  3.93 MB
       Class:  3.68 MB
        Both:  7.61 MB

MaxMetaspaceSize: 4.00 GB
CompressedClassSpaceSize: 1.00 GB
Initial GC threshold: 21.00 MB
Current GC threshold: 383.44 MB
CDS: off
MetaspaceReclaimPolicy: balanced
 - commit_granule_bytes: 65536.
 - commit_granule_words: 8192.
 - virtual_space_node_default_size: 1048576.
 - enlarge_chunks_in_place: 1.
 - new_chunks_are_fully_committed: 0.
 - uncommit_free_chunks: 1.
 - use_allocation_guard: 0.
 - handle_deallocations: 1.


Internal statistics:

num_allocs_failed_limit: 9.
num_arena_births: 4602.
num_arena_deaths: 326.
num_vsnodes_births: 29.
num_vsnodes_deaths: 0.
num_space_committed: 3963.
num_space_uncommitted: 0.
num_chunks_returned_to_freelist: 424.
num_chunks_taken_from_freelist: 15611.
num_chunk_merges: 146.
num_chunk_splits: 9882.
num_chunks_enlarged: 6126.
num_purges: 8.
num_inconsistent_stats: 0.

CodeHeap 'non-profiled nmethods': size=259264Kb used=38138Kb max_used=38692Kb free=221125Kb
 bounds [0x000001e93e110000, 0x000001e9406e0000, 0x000001e94de40000]
CodeHeap 'profiled nmethods': size=259264Kb used=81587Kb max_used=82665Kb free=177676Kb
 bounds [0x000001e92de40000, 0x000001e932f10000, 0x000001e93db70000]
CodeHeap 'non-nmethods': size=5760Kb used=2750Kb max_used=2856Kb free=3009Kb
 bounds [0x000001e93db70000, 0x000001e93de60000, 0x000001e93e110000]
 total_blobs=41522 nmethods=40181 adapters=1250
 compilation: enabled
              stopped_count=0, restarted_count=0
 full_count=0

Compilation events (20 events):
Event: 10428.050 Thread 0x000001e9648b7d20 54422       1       org.gradle.api.internal.provider.DefaultListProperty::publicType (3 bytes)
Event: 10428.050 Thread 0x000001e9648b7d20 nmethod 54422 0x000001e93e57be10 code [0x000001e93e57bfa0, 0x000001e93e57c078]
Event: 10428.058 Thread 0x000001e96eab6bd0 nmethod 54412 0x000001e93e29e790 code [0x000001e93e29ea00, 0x000001e93e2a01d8]
Event: 10428.058 Thread 0x000001e96eab6bd0 54359       4       org.objectweb.asm.Label::accept (69 bytes)
Event: 10428.065 Thread 0x000001e96eab6bd0 nmethod 54359 0x000001e93f306690 code [0x000001e93f306820, 0x000001e93f306b18]
Event: 10428.065 Thread 0x000001e96eab6bd0 54389       4       org.objectweb.asm.MethodVisitor::visitLineNumber (17 bytes)
Event: 10428.066 Thread 0x000001e96eab6bd0 nmethod 54389 0x000001e93f306210 code [0x000001e93f306380, 0x000001e93f306438]
Event: 10428.066 Thread 0x000001e96eab6bd0 54259       4       org.objectweb.asm.MethodVisitor::visitLabel (16 bytes)
Event: 10428.066 Thread 0x000001e96eab6bd0 nmethod 54259 0x000001e93e57bb10 code [0x000001e93e57bc80, 0x000001e93e57bd38]
Event: 10428.066 Thread 0x000001e96eab6bd0 54296       4       org.objectweb.asm.MethodVisitor::visitFieldInsn (20 bytes)
Event: 10428.067 Thread 0x000001e96eab6bd0 nmethod 54296 0x000001e93e57b790 code [0x000001e93e57b900, 0x000001e93e57b9b8]
Event: 10428.067 Thread 0x000001e96eab6bd0 54281       4       com.google.common.collect.MapMakerInternalMap::getEntry (23 bytes)
Event: 10428.088 Thread 0x000001e96eab6bd0 nmethod 54281 0x000001e93e3cc890 code [0x000001e93e3cca80, 0x000001e93e3cd4b8]
Event: 10428.088 Thread 0x000001e96eab6bd0 54160   !   4       jdk.nio.zipfs.ZipUtils::dosToJavaTime (159 bytes)
Event: 10428.118 Thread 0x000001e96eab6bd0 nmethod 54160 0x000001e93ff91f10 code [0x000001e93ff92140, 0x000001e93ff93668]
Event: 10428.119 Thread 0x000001e96eab6bd0 54246       4       org.apache.commons.compress.archivers.zip.ZipArchiveEntry::getName (19 bytes)
Event: 10428.120 Thread 0x000001e96eab6bd0 nmethod 54246 0x000001e93ff91b90 code [0x000001e93ff91d00, 0x000001e93ff91d98]
Event: 10428.131 Thread 0x000001e9648b7d20 54423       3       org.gradle.api.specs.OrSpec::isSatisfiedBy (55 bytes)
Event: 10428.131 Thread 0x000001e9648b7d20 nmethod 54423 0x000001e932bbb790 code [0x000001e932bbb960, 0x000001e932bbbd88]
Event: 10428.139 Thread 0x000001e96eab6bd0 54424       4       org.gradle.internal.resource.transfer.DefaultCacheAwareExternalResourceAccessor::<init> (56 bytes)

GC Heap History (20 events):
Event: 9000.570 GC heap before
{Heap before GC invocations=96 (full 0):
 garbage-first heap   total 3796992K, used 2658811K [0x0000000600000000, 0x0000000800000000)
  region size 4096K, 556 young (2277376K), 1 survivors (4096K)
 Metaspace       used 156181K, committed 158144K, reserved 1187840K
  class space    used 20966K, committed 21888K, reserved 1048576K
}
Event: 9000.617 GC heap after
{Heap after GC invocations=97 (full 0):
 garbage-first heap   total 3796992K, used 431353K [0x0000000600000000, 0x0000000800000000)
  region size 4096K, 11 young (45056K), 11 survivors (45056K)
 Metaspace       used 156181K, committed 158144K, reserved 1187840K
  class space    used 20966K, committed 21888K, reserved 1048576K
}
Event: 10028.118 GC heap before
{Heap before GC invocations=98 (full 0):
 garbage-first heap   total 2392064K, used 2209017K [0x0000000600000000, 0x0000000800000000)
  region size 4096K, 444 young (1818624K), 11 survivors (45056K)
 Metaspace       used 169263K, committed 171328K, reserved 1204224K
  class space    used 22343K, committed 23360K, reserved 1048576K
}
Event: 10028.444 GC heap after
{Heap after GC invocations=99 (full 0):
 garbage-first heap   total 2392064K, used 503626K [0x0000000600000000, 0x0000000800000000)
  region size 4096K, 29 young (118784K), 29 survivors (118784K)
 Metaspace       used 169263K, committed 171328K, reserved 1204224K
  class space    used 22343K, committed 23360K, reserved 1048576K
}
Event: 10028.481 GC heap before
{Heap before GC invocations=99 (full 0):
 garbage-first heap   total 2392064K, used 507722K [0x0000000600000000, 0x0000000800000000)
  region size 4096K, 30 young (122880K), 29 survivors (118784K)
 Metaspace       used 169264K, committed 171328K, reserved 1204224K
  class space    used 22343K, committed 23360K, reserved 1048576K
}
Event: 10028.789 GC heap after
{Heap after GC invocations=100 (full 0):
 garbage-first heap   total 2392064K, used 504512K [0x0000000600000000, 0x0000000800000000)
  region size 4096K, 4 young (16384K), 4 survivors (16384K)
 Metaspace       used 169264K, committed 171328K, reserved 1204224K
  class space    used 22343K, committed 23360K, reserved 1048576K
}
Event: 10071.627 GC heap before
{Heap before GC invocations=100 (full 0):
 garbage-first heap   total 2392064K, used 1684160K [0x0000000600000000, 0x0000000800000000)
  region size 4096K, 293 young (1200128K), 4 survivors (16384K)
 Metaspace       used 170406K, committed 172672K, reserved 1204224K
  class space    used 22425K, committed 23488K, reserved 1048576K
}
Event: 10071.759 GC heap after
{Heap after GC invocations=101 (full 0):
 garbage-first heap   total 2392064K, used 654708K [0x0000000600000000, 0x0000000800000000)
  region size 4096K, 37 young (151552K), 37 survivors (151552K)
 Metaspace       used 170406K, committed 172672K, reserved 1204224K
  class space    used 22425K, committed 23488K, reserved 1048576K
}
Event: 10071.934 GC heap before
{Heap before GC invocations=101 (full 0):
 garbage-first heap   total 2392064K, used 666996K [0x0000000600000000, 0x0000000800000000)
  region size 4096K, 40 young (163840K), 37 survivors (151552K)
 Metaspace       used 170419K, committed 172672K, reserved 1204224K
  class space    used 22425K, committed 23488K, reserved 1048576K
}
Event: 10072.076 GC heap after
{Heap after GC invocations=102 (full 0):
 garbage-first heap   total 2392064K, used 674817K [0x0000000600000000, 0x0000000800000000)
  region size 4096K, 5 young (20480K), 5 survivors (20480K)
 Metaspace       used 170419K, committed 172672K, reserved 1204224K
  class space    used 22425K, committed 23488K, reserved 1048576K
}
Event: 10316.065 GC heap before
{Heap before GC invocations=103 (full 0):
 garbage-first heap   total 2281472K, used 1637377K [0x0000000600000000, 0x0000000800000000)
  region size 4096K, 238 young (974848K), 5 survivors (20480K)
 Metaspace       used 210735K, committed 213056K, reserved 1236992K
  class space    used 27666K, committed 28800K, reserved 1048576K
}
Event: 10316.146 GC heap after
{Heap after GC invocations=104 (full 0):
 garbage-first heap   total 2281472K, used 744113K [0x0000000600000000, 0x0000000800000000)
  region size 4096K, 23 young (94208K), 23 survivors (94208K)
 Metaspace       used 210735K, committed 213056K, reserved 1236992K
  class space    used 27666K, committed 28800K, reserved 1048576K
}
Event: 10316.782 GC heap before
{Heap before GC invocations=104 (full 0):
 garbage-first heap   total 2281472K, used 756401K [0x0000000600000000, 0x0000000800000000)
  region size 4096K, 27 young (110592K), 23 survivors (94208K)
 Metaspace       used 212409K, committed 214720K, reserved 1236992K
  class space    used 27857K, committed 28992K, reserved 1048576K
}
Event: 10317.001 GC heap after
{Heap after GC invocations=105 (full 0):
 garbage-first heap   total 2281472K, used 613203K [0x0000000600000000, 0x0000000800000000)
  region size 4096K, 3 young (12288K), 3 survivors (12288K)
 Metaspace       used 212409K, committed 214720K, reserved 1236992K
  class space    used 27857K, committed 28992K, reserved 1048576K
}
Event: 10390.139 GC heap before
{Heap before GC invocations=105 (full 0):
 garbage-first heap   total 2281472K, used 1432403K [0x0000000600000000, 0x0000000800000000)
  region size 4096K, 205 young (839680K), 3 survivors (12288K)
 Metaspace       used 233074K, committed 235520K, reserved 1253376K
  class space    used 29893K, committed 31040K, reserved 1048576K
}
Event: 10390.252 GC heap after
{Heap after GC invocations=106 (full 0):
 garbage-first heap   total 2281472K, used 711170K [0x0000000600000000, 0x0000000800000000)
  region size 4096K, 29 young (118784K), 29 survivors (118784K)
 Metaspace       used 233074K, committed 235520K, reserved 1253376K
  class space    used 29893K, committed 31040K, reserved 1048576K
}
Event: 10393.967 GC heap before
{Heap before GC invocations=107 (full 0):
 garbage-first heap   total 2281472K, used 869249K [0x0000000600000000, 0x0000000800000000)
  region size 4096K, 92 young (376832K), 29 survivors (118784K)
 Metaspace       used 236495K, committed 238976K, reserved 1261568K
  class space    used 30146K, committed 31296K, reserved 1048576K
}
Event: 10394.147 GC heap after
{Heap after GC invocations=108 (full 0):
 garbage-first heap   total 2281472K, used 597472K [0x0000000600000000, 0x0000000800000000)
  region size 4096K, 6 young (24576K), 6 survivors (24576K)
 Metaspace       used 236495K, committed 238976K, reserved 1261568K
  class space    used 30146K, committed 31296K, reserved 1048576K
}
Event: 10394.576 GC heap before
{Heap before GC invocations=108 (full 0):
 garbage-first heap   total 2281472K, used 679392K [0x0000000600000000, 0x0000000800000000)
  region size 4096K, 27 young (110592K), 6 survivors (24576K)
 Metaspace       used 236613K, committed 239104K, reserved 1261568K
  class space    used 30146K, committed 31296K, reserved 1048576K
}
Event: 10394.663 GC heap after
{Heap after GC invocations=109 (full 0):
 garbage-first heap   total 4726784K, used 495254K [0x0000000600000000, 0x0000000800000000)
  region size 4096K, 2 young (8192K), 2 survivors (8192K)
 Metaspace       used 236613K, committed 239104K, reserved 1261568K
  class space    used 30146K, committed 31296K, reserved 1048576K
}

Dll operation events (3 events):
Event: 0.016 Loaded shared library C:\Program Files\Android\Android Studio\jbr\bin\java.dll
Event: 0.206 Loaded shared library C:\Program Files\Android\Android Studio\jbr\bin\zip.dll
Event: 0.793 Loaded shared library C:\Program Files\Android\Android Studio\jbr\bin\verify.dll

Deoptimization events (20 events):
Event: 10427.537 Thread 0x000001e97d043870 DEOPT PACKING pc=0x000001e9403961b4 sp=0x0000001ffabfde60
Event: 10427.537 Thread 0x000001e97d043870 DEOPT UNPACKING pc=0x000001e93dbc69a3 sp=0x0000001ffabfde30 mode 2
Event: 10427.537 Thread 0x000001e97d043870 Uncommon trap: trap_request=0xffffffc6 fr.pc=0x000001e9403961b4 relative=0x00000000000043f4
Event: 10427.537 Thread 0x000001e97d043870 Uncommon trap: reason=bimorphic_or_optimized_type_check action=maybe_recompile pc=0x000001e9403961b4 method=org.objectweb.asm.ClassReader.readField(Lorg/objectweb/asm/ClassVisitor;Lorg/objectweb/asm/Context;I)I @ 399 c2
Event: 10427.537 Thread 0x000001e97d043870 DEOPT PACKING pc=0x000001e9403961b4 sp=0x0000001ffabfde60
Event: 10427.537 Thread 0x000001e97d043870 DEOPT UNPACKING pc=0x000001e93dbc69a3 sp=0x0000001ffabfde30 mode 2
Event: 10427.597 Thread 0x000001e97d043870 Uncommon trap: trap_request=0xffffff45 fr.pc=0x000001e9406d65e8 relative=0x0000000000001c68
Event: 10427.597 Thread 0x000001e97d043870 Uncommon trap: reason=unstable_if action=reinterpret pc=0x000001e9406d65e8 method=org.objectweb.asm.ClassReader.readElementValue(Lorg/objectweb/asm/AnnotationVisitor;ILjava/lang/String;[C)I @ 102 c2
Event: 10427.598 Thread 0x000001e97d043870 DEOPT PACKING pc=0x000001e9406d65e8 sp=0x0000001ffabfdc50
Event: 10427.598 Thread 0x000001e97d043870 DEOPT UNPACKING pc=0x000001e93dbc69a3 sp=0x0000001ffabfdbe0 mode 2
Event: 10427.829 Thread 0x000001e976fc7fb0 DEOPT PACKING pc=0x000001e932624a62 sp=0x0000001ff36fa9a0
Event: 10427.829 Thread 0x000001e976fc7fb0 DEOPT UNPACKING pc=0x000001e93dbc7143 sp=0x0000001ff36f9f00 mode 0
Event: 10427.834 Thread 0x000001e976fc7fb0 Uncommon trap: trap_request=0xffffff45 fr.pc=0x000001e93e86ecc4 relative=0x00000000000007a4
Event: 10427.834 Thread 0x000001e976fc7fb0 Uncommon trap: reason=unstable_if action=reinterpret pc=0x000001e93e86ecc4 method=java.util.ArrayDeque.grow(I)V @ 83 c2
Event: 10427.834 Thread 0x000001e976fc7fb0 DEOPT PACKING pc=0x000001e93e86ecc4 sp=0x0000001ff36faa00
Event: 10427.834 Thread 0x000001e976fc7fb0 DEOPT UNPACKING pc=0x000001e93dbc69a3 sp=0x0000001ff36fa9a0 mode 2
Event: 10427.852 Thread 0x000001e976fc7fb0 Uncommon trap: trap_request=0xffffffde fr.pc=0x000001e93fcff308 relative=0x0000000000004808
Event: 10427.852 Thread 0x000001e976fc7fb0 Uncommon trap: reason=class_check action=maybe_recompile pc=0x000001e93fcff308 method=org.gradle.api.internal.changedetection.state.PropertiesFileAwareClasspathResourceHasher.matchesAnyFilters(Ljava/util/function/Supplier;)Z @ 4 c2
Event: 10427.852 Thread 0x000001e976fc7fb0 DEOPT PACKING pc=0x000001e93fcff308 sp=0x0000001ff36fc7e0
Event: 10427.852 Thread 0x000001e976fc7fb0 DEOPT UNPACKING pc=0x000001e93dbc69a3 sp=0x0000001ff36fc5a0 mode 2

Classes unloaded (20 events):
Event: 10072.317 Thread 0x000001e96158dd20 Unloading class 0x000000080156b560 '_BuildScript_$_run_closure1'
Event: 10072.317 Thread 0x000001e96158dd20 Unloading class 0x000000080156b000 '_BuildScript_'
Event: 10072.317 Thread 0x000001e96158dd20 Unloading class 0x0000000801567820 '_BuildScript_$_run_closure2$_closure5'
Event: 10072.317 Thread 0x000001e96158dd20 Unloading class 0x0000000801567410 '_BuildScript_$_run_closure2$_closure4'
Event: 10072.317 Thread 0x000001e96158dd20 Unloading class 0x0000000801567000 '_BuildScript_$_run_closure2'
Event: 10072.317 Thread 0x000001e96158dd20 Unloading class 0x0000000801566970 '_BuildScript_$_run_closure1$_closure3'
Event: 10072.317 Thread 0x000001e96158dd20 Unloading class 0x0000000801566560 '_BuildScript_$_run_closure1'
Event: 10072.317 Thread 0x000001e96158dd20 Unloading class 0x0000000801566000 '_BuildScript_'
Event: 10072.317 Thread 0x000001e96158dd20 Unloading class 0x0000000801564000 '_BuildScript_$_run_closure1$_closure3'
Event: 10072.317 Thread 0x000001e96158dd20 Unloading class 0x0000000801563970 '_BuildScript_$_run_closure1$_closure2'
Event: 10072.317 Thread 0x000001e96158dd20 Unloading class 0x0000000801563560 '_BuildScript_$_run_closure1'
Event: 10072.317 Thread 0x000001e96158dd20 Unloading class 0x0000000801563000 '_BuildScript_'
Event: 10072.317 Thread 0x000001e96158dd20 Unloading class 0x0000000801520820 '_BuildScript_$_run_closure3'
Event: 10072.317 Thread 0x000001e96158dd20 Unloading class 0x0000000801520410 '_BuildScript_$_run_closure2$_closure7'
Event: 10072.317 Thread 0x000001e96158dd20 Unloading class 0x0000000801520000 '_BuildScript_$_run_closure2$_closure6'
Event: 10072.317 Thread 0x000001e96158dd20 Unloading class 0x000000080155c820 '_BuildScript_$_run_closure2'
Event: 10072.317 Thread 0x000001e96158dd20 Unloading class 0x000000080155c410 '_BuildScript_$_run_closure1$_closure4$_closure5'
Event: 10072.317 Thread 0x000001e96158dd20 Unloading class 0x000000080155c000 '_BuildScript_$_run_closure1$_closure4'
Event: 10072.317 Thread 0x000001e96158dd20 Unloading class 0x000000080151c800 '_BuildScript_$_run_closure1'
Event: 10072.317 Thread 0x000001e96158dd20 Unloading class 0x000000080155d000 '_BuildScript_'

Classes redefined (0 events):
No events

Internal exceptions (20 events):
Event: 10427.855 Thread 0x000001e973c45bb0 Exception <a 'sun/nio/fs/WindowsException'{0x000000070b3de548}> (0x000000070b3de548) 
thrown [s\src\hotspot\share\prims\jni.cpp, line 517]
Event: 10427.855 Thread 0x000001e973c45bb0 Exception <a 'sun/nio/fs/WindowsException'{0x000000070b3de780}> (0x000000070b3de780) 
thrown [s\src\hotspot\share\prims\jni.cpp, line 517]
Event: 10427.855 Thread 0x000001e973c45bb0 Exception <a 'sun/nio/fs/WindowsException'{0x000000070b3de840}> (0x000000070b3de840) 
thrown [s\src\hotspot\share\prims\jni.cpp, line 517]
Event: 10427.855 Thread 0x000001e973c45bb0 Exception <a 'sun/nio/fs/WindowsException'{0x000000070b3deab8}> (0x000000070b3deab8) 
thrown [s\src\hotspot\share\prims\jni.cpp, line 517]
Event: 10428.016 Thread 0x000001e97d2a3a50 Exception <a 'sun/nio/fs/WindowsException'{0x00000006e201dba8}> (0x00000006e201dba8) 
thrown [s\src\hotspot\share\prims\jni.cpp, line 517]
Event: 10428.017 Thread 0x000001e97d2a3a50 Exception <a 'sun/nio/fs/WindowsException'{0x00000006e201ea88}> (0x00000006e201ea88) 
thrown [s\src\hotspot\share\prims\jni.cpp, line 517]
Event: 10428.018 Thread 0x000001e97d2a3a50 Exception <a 'sun/nio/fs/WindowsException'{0x00000006e201eb18}> (0x00000006e201eb18) 
thrown [s\src\hotspot\share\prims\jni.cpp, line 517]
Event: 10428.018 Thread 0x000001e97d2a3a50 Exception <a 'sun/nio/fs/WindowsException'{0x00000006e201eda8}> (0x00000006e201eda8) 
thrown [s\src\hotspot\share\prims\jni.cpp, line 517]
Event: 10428.020 Thread 0x000001e974775de0 Exception <a 'sun/nio/fs/WindowsException'{0x0000000715df4dc8}> (0x0000000715df4dc8) 
thrown [s\src\hotspot\share\prims\jni.cpp, line 517]
Event: 10428.049 Thread 0x000001e976fc7fb0 Exception <a 'sun/nio/fs/WindowsException'{0x00000006e2edb2a8}> (0x00000006e2edb2a8) 
thrown [s\src\hotspot\share\prims\jni.cpp, line 517]
Event: 10428.049 Thread 0x000001e976fc7fb0 Exception <a 'sun/nio/fs/WindowsException'{0x00000006e2edc190}> (0x00000006e2edc190) 
thrown [s\src\hotspot\share\prims\jni.cpp, line 517]
Event: 10428.049 Thread 0x000001e976fc7fb0 Exception <a 'sun/nio/fs/WindowsException'{0x00000006e2edc220}> (0x00000006e2edc220) 
thrown [s\src\hotspot\share\prims\jni.cpp, line 517]
Event: 10428.050 Thread 0x000001e976fc7fb0 Exception <a 'sun/nio/fs/WindowsException'{0x00000006e2edc4c0}> (0x00000006e2edc4c0) 
thrown [s\src\hotspot\share\prims\jni.cpp, line 517]
Event: 10428.068 Thread 0x000001e97d044210 Exception <a 'sun/nio/fs/WindowsException'{0x00000006ed3f0840}> (0x00000006ed3f0840) 
thrown [s\src\hotspot\share\prims\jni.cpp, line 517]
Event: 10428.123 Thread 0x000001e97d2a3580 Exception <a 'sun/nio/fs/WindowsException'{0x00000007132da1b8}> (0x00000007132da1b8) 
thrown [s\src\hotspot\share\prims\jni.cpp, line 517]
Event: 10428.127 Thread 0x000001e97d2a3580 Exception <a 'sun/nio/fs/WindowsException'{0x00000006e2152f60}> (0x00000006e2152f60) 
thrown [s\src\hotspot\share\prims\jni.cpp, line 517]
Event: 10428.128 Thread 0x000001e97d2a3580 Exception <a 'sun/nio/fs/WindowsException'{0x00000006e2153e58}> (0x00000006e2153e58) 
thrown [s\src\hotspot\share\prims\jni.cpp, line 517]
Event: 10428.128 Thread 0x000001e97d2a3580 Exception <a 'sun/nio/fs/WindowsException'{0x00000006e2153ee8}> (0x00000006e2153ee8) 
thrown [s\src\hotspot\share\prims\jni.cpp, line 517]
Event: 10428.128 Thread 0x000001e97d2a3580 Exception <a 'sun/nio/fs/WindowsException'{0x00000006e2154190}> (0x00000006e2154190) 
thrown [s\src\hotspot\share\prims\jni.cpp, line 517]
Event: 10428.128 Thread 0x000001e969778a60 Exception <a 'sun/nio/fs/WindowsException'{0x0000000709867280}> (0x0000000709867280) 
thrown [s\src\hotspot\share\prims\jni.cpp, line 517]

VM Operations (20 events):
Event: 10424.763 Executing VM operation: Cleanup
Event: 10424.764 Executing VM operation: Cleanup done
Event: 10425.648 Executing VM operation: HandshakeAllThreads
Event: 10425.649 Executing VM operation: HandshakeAllThreads done
Event: 10426.638 Executing VM operation: HandshakeAllThreads
Event: 10426.639 Executing VM operation: HandshakeAllThreads done
Event: 10426.639 Executing VM operation: Cleanup
Event: 10426.639 Executing VM operation: Cleanup done
Event: 10426.639 Executing VM operation: HandshakeAllThreads
Event: 10426.641 Executing VM operation: HandshakeAllThreads done
Event: 10426.767 Executing VM operation: ICBufferFull
Event: 10426.768 Executing VM operation: ICBufferFull done
Event: 10426.837 Executing VM operation: HandshakeAllThreads
Event: 10426.838 Executing VM operation: HandshakeAllThreads done
Event: 10426.948 Executing VM operation: HandshakeAllThreads
Event: 10426.949 Executing VM operation: HandshakeAllThreads done
Event: 10427.404 Executing VM operation: HandshakeAllThreads
Event: 10427.404 Executing VM operation: HandshakeAllThreads done
Event: 10427.436 Executing VM operation: HandshakeAllThreads
Event: 10427.437 Executing VM operation: HandshakeAllThreads done

Events (20 events):
Event: 10427.050 Thread 0x000001e9648b8b20 flushing nmethod 0x000001e932a2fb90
Event: 10427.050 Thread 0x000001e9648b8b20 flushing nmethod 0x000001e932a44790
Event: 10427.050 Thread 0x000001e9648b8b20 flushing nmethod 0x000001e932a4f790
Event: 10427.050 Thread 0x000001e9648b8b20 flushing nmethod 0x000001e932a50d90
Event: 10427.050 Thread 0x000001e9648b8b20 flushing nmethod 0x000001e932a7ec90
Event: 10427.050 Thread 0x000001e9648b8b20 flushing nmethod 0x000001e932ab1e90
Event: 10427.050 Thread 0x000001e9648b8b20 flushing nmethod 0x000001e932ab6810
Event: 10427.051 Thread 0x000001e9648b8b20 flushing nmethod 0x000001e932b51490
Event: 10427.051 Thread 0x000001e9648b8b20 flushing nmethod 0x000001e932b6f510
Event: 10427.051 Thread 0x000001e9648b8b20 flushing nmethod 0x000001e932ba2190
Event: 10427.051 Thread 0x000001e9648b8b20 flushing nmethod 0x000001e932baca90
Event: 10427.051 Thread 0x000001e9648b8b20 flushing nmethod 0x000001e932bee610
Event: 10427.051 Thread 0x000001e9648b8b20 flushing nmethod 0x000001e932c20810
Event: 10427.051 Thread 0x000001e9648b8b20 flushing nmethod 0x000001e932c8c410
Event: 10427.052 Thread 0x000001e9648b8b20 flushing nmethod 0x000001e932cc4810
Event: 10427.052 Thread 0x000001e9648b8b20 flushing nmethod 0x000001e932cddf90
Event: 10427.052 Thread 0x000001e9648b8b20 flushing nmethod 0x000001e932d30490
Event: 10427.052 Thread 0x000001e9648b8b20 flushing nmethod 0x000001e932da9790
Event: 10427.052 Thread 0x000001e9648b8b20 flushing nmethod 0x000001e932dbdc90
Event: 10428.010 Thread 0x000001e96edae220 Thread added: 0x000001e96edae220


Dynamic libraries:
0x00007ff6bd7a0000 - 0x00007ff6bd7aa000 	C:\Program Files\Android\Android Studio\jbr\bin\java.exe
0x00007ff918070000 - 0x00007ff918287000 	C:\WINDOWS\SYSTEM32\ntdll.dll
0x00007ff916980000 - 0x00007ff916a44000 	C:\WINDOWS\System32\KERNEL32.DLL
0x00007ff9159e0000 - 0x00007ff915d97000 	C:\WINDOWS\System32\KERNELBASE.dll
0x00007ff915430000 - 0x00007ff915541000 	C:\WINDOWS\System32\ucrtbase.dll
0x00007ff8fe200000 - 0x00007ff8fe217000 	C:\Program Files\Android\Android Studio\jbr\bin\jli.dll
0x00007ff8fe220000 - 0x00007ff8fe23b000 	C:\Program Files\Android\Android Studio\jbr\bin\VCRUNTIME140.dll
0x00007ff917850000 - 0x00007ff9179ff000 	C:\WINDOWS\System32\USER32.dll
0x00007ff8fa7f0000 - 0x00007ff8faa83000 	C:\WINDOWS\WinSxS\amd64_microsoft.windows.common-controls_6595b64144ccf1df_6.0.22621.3672_none_2713b9d173822955\COMCTL32.dll
0x00007ff9157a0000 - 0x00007ff9157c6000 	C:\WINDOWS\System32\win32u.dll
0x00007ff915da0000 - 0x00007ff915dc9000 	C:\WINDOWS\System32\GDI32.dll
0x00007ff915df0000 - 0x00007ff915e97000 	C:\WINDOWS\System32\msvcrt.dll
0x00007ff915610000 - 0x00007ff915728000 	C:\WINDOWS\System32\gdi32full.dll
0x00007ff915940000 - 0x00007ff9159da000 	C:\WINDOWS\System32\msvcp_win.dll
0x00007ff916940000 - 0x00007ff916971000 	C:\WINDOWS\System32\IMM32.DLL
0x00007ff90f1e0000 - 0x00007ff90f1ec000 	C:\Program Files\Android\Android Studio\jbr\bin\vcruntime140_1.dll
0x00007ff8f5d20000 - 0x00007ff8f5dad000 	C:\Program Files\Android\Android Studio\jbr\bin\msvcp140.dll
0x00007ff8b72c0000 - 0x00007ff8b7f2e000 	C:\Program Files\Android\Android Studio\jbr\bin\server\jvm.dll
0x00007ff917e80000 - 0x00007ff917f32000 	C:\WINDOWS\System32\ADVAPI32.dll
0x00007ff916890000 - 0x00007ff916938000 	C:\WINDOWS\System32\sechost.dll
0x00007ff915380000 - 0x00007ff9153a8000 	C:\WINDOWS\System32\bcrypt.dll
0x00007ff916dc0000 - 0x00007ff916ed4000 	C:\WINDOWS\System32\RPCRT4.dll
0x00007ff8fa450000 - 0x00007ff8fa459000 	C:\WINDOWS\SYSTEM32\WSOCK32.dll
0x00007ff90bde0000 - 0x00007ff90be14000 	C:\WINDOWS\SYSTEM32\WINMM.dll
0x00007ff917fa0000 - 0x00007ff918011000 	C:\WINDOWS\System32\WS2_32.dll
0x00007ff90b190000 - 0x00007ff90b19a000 	C:\WINDOWS\SYSTEM32\VERSION.dll
0x00007ff914480000 - 0x00007ff914498000 	C:\WINDOWS\SYSTEM32\kernel.appcore.dll
0x00007ff90e950000 - 0x00007ff90e95a000 	C:\Program Files\Android\Android Studio\jbr\bin\jimage.dll
0x00007ff90fd10000 - 0x00007ff90ff42000 	C:\WINDOWS\SYSTEM32\DBGHELP.DLL
0x00007ff917440000 - 0x00007ff9177ce000 	C:\WINDOWS\System32\combase.dll
0x00007ff916bb0000 - 0x00007ff916c87000 	C:\WINDOWS\System32\OLEAUT32.dll
0x00007ff8ec610000 - 0x00007ff8ec642000 	C:\WINDOWS\SYSTEM32\dbgcore.DLL
0x00007ff9153b0000 - 0x00007ff91542b000 	C:\WINDOWS\System32\bcryptPrimitives.dll
0x00007ff8fdb10000 - 0x00007ff8fdb1e000 	C:\Program Files\Android\Android Studio\jbr\bin\instrument.dll
0x00007ff8fe1d0000 - 0x00007ff8fe1f5000 	C:\Program Files\Android\Android Studio\jbr\bin\java.dll
0x00007ff8f5df0000 - 0x00007ff8f5e08000 	C:\Program Files\Android\Android Studio\jbr\bin\zip.dll
0x00007ff915f00000 - 0x00007ff916769000 	C:\WINDOWS\System32\SHELL32.dll
0x00007ff9132a0000 - 0x00007ff913b9f000 	C:\WINDOWS\SYSTEM32\windows.storage.dll
0x00007ff913160000 - 0x00007ff91329f000 	C:\WINDOWS\SYSTEM32\wintypes.dll
0x00007ff916a50000 - 0x00007ff916b49000 	C:\WINDOWS\System32\SHCORE.dll
0x00007ff916b50000 - 0x00007ff916bae000 	C:\WINDOWS\System32\shlwapi.dll
0x00007ff9152b0000 - 0x00007ff9152d7000 	C:\WINDOWS\SYSTEM32\profapi.dll
0x00007ff8f5c60000 - 0x00007ff8f5c79000 	C:\Program Files\Android\Android Studio\jbr\bin\net.dll
0x00007ff90dc10000 - 0x00007ff90dd46000 	C:\WINDOWS\SYSTEM32\WINHTTP.dll
0x00007ff9148e0000 - 0x00007ff914949000 	C:\WINDOWS\system32\mswsock.dll
0x00007ff8f5450000 - 0x00007ff8f5466000 	C:\Program Files\Android\Android Studio\jbr\bin\nio.dll
0x00007ff90e850000 - 0x00007ff90e860000 	C:\Program Files\Android\Android Studio\jbr\bin\verify.dll
0x00007ff8cf060000 - 0x00007ff8cf087000 	C:\Users\moham\.gradle\native\1def1411415f61bf3af743bc5b6707747c0891f09f0c88961ee8f79bc544acac\windows-amd64\native-platform.dll
0x000000005a480000 - 0x000000005a4f3000 	C:\Users\moham\.gradle\native\0.2.5\x86_64-windows-gnu\gradle-fileevents.dll
0x00007ff90b810000 - 0x00007ff90b819000 	C:\Program Files\Android\Android Studio\jbr\bin\management.dll
0x00007ff8fe280000 - 0x00007ff8fe28b000 	C:\Program Files\Android\Android Studio\jbr\bin\management_ext.dll
0x00007ff916d90000 - 0x00007ff916d98000 	C:\WINDOWS\System32\PSAPI.DLL
0x00007ff914c30000 - 0x00007ff914c4b000 	C:\WINDOWS\SYSTEM32\CRYPTSP.dll
0x00007ff9143e0000 - 0x00007ff914415000 	C:\WINDOWS\system32\rsaenh.dll
0x00007ff914980000 - 0x00007ff9149a8000 	C:\WINDOWS\SYSTEM32\USERENV.dll
0x00007ff914c10000 - 0x00007ff914c1c000 	C:\WINDOWS\SYSTEM32\CRYPTBASE.dll
0x00007ff913e70000 - 0x00007ff913e9d000 	C:\WINDOWS\SYSTEM32\IPHLPAPI.DLL
0x00007ff916870000 - 0x00007ff916879000 	C:\WINDOWS\System32\NSI.dll
0x00007ff90c890000 - 0x00007ff90c8a9000 	C:\WINDOWS\SYSTEM32\dhcpcsvc6.DLL
0x00007ff90c460000 - 0x00007ff90c47f000 	C:\WINDOWS\SYSTEM32\dhcpcsvc.DLL
0x00007ff913ee0000 - 0x00007ff913fe2000 	C:\WINDOWS\SYSTEM32\DNSAPI.dll
0x00007ff8fb580000 - 0x00007ff8fb588000 	C:\WINDOWS\system32\wshunix.dll
0x000000005a400000 - 0x000000005a473000 	C:\Users\moham\AppData\Local\Temp\native-platform2475806481482405875dir\gradle-fileevents.dll
0x00007ff8d4d10000 - 0x00007ff8d4d27000 	C:\WINDOWS\system32\napinsp.dll
0x00007ff8d4cf0000 - 0x00007ff8d4d0b000 	C:\WINDOWS\system32\pnrpnsp.dll
0x00007ff8d4cd0000 - 0x00007ff8d4ce1000 	C:\WINDOWS\System32\winrnr.dll
0x00007ff8d4ca0000 - 0x00007ff8d4cc7000 	C:\WINDOWS\system32\nlansp_c.dll
0x00007ff8e8720000 - 0x00007ff8e8735000 	C:\WINDOWS\system32\wshbth.dll
0x000000005a550000 - 0x000000005a585000 	C:\Program Files\Bonjour\mdnsNSP.dll
0x00007ff909e70000 - 0x00007ff909e7a000 	C:\Windows\System32\rasadhlp.dll
0x00007ff90b3a0000 - 0x00007ff90b423000 	C:\WINDOWS\System32\fwpuclnt.dll
0x00007ff914590000 - 0x00007ff9145c4000 	C:\WINDOWS\SYSTEM32\ntmarta.dll
0x00007ff90f220000 - 0x00007ff90f227000 	C:\Program Files\Android\Android Studio\jbr\bin\rmi.dll

dbghelp: loaded successfully - version: 4.0.5 - missing functions: none
symbol engine: initialized successfully - sym options: 0x614 - pdb path: .;C:\Program Files\Android\Android Studio\jbr\bin;C:\WINDOWS\SYSTEM32;C:\WINDOWS\WinSxS\amd64_microsoft.windows.common-controls_6595b64144ccf1df_6.0.22621.3672_none_2713b9d173822955;C:\Program Files\Android\Android Studio\jbr\bin\server;C:\Users\moham\.gradle\native\1def1411415f61bf3af743bc5b6707747c0891f09f0c88961ee8f79bc544acac\windows-amd64;C:\Users\moham\.gradle\native\0.2.5\x86_64-windows-gnu;C:\Users\moham\AppData\Local\Temp\native-platform2475806481482405875dir;C:\Program Files\Bonjour

VM Arguments:
jvm_args: --add-opens=java.base/java.lang=ALL-UNNAMED --add-opens=java.base/java.lang.invoke=ALL-UNNAMED --add-opens=java.base/java.util=ALL-UNNAMED --add-opens=java.prefs/java.util.prefs=ALL-UNNAMED --add-exports=jdk.compiler/com.sun.tools.javac.api=ALL-UNNAMED --add-exports=jdk.compiler/com.sun.tools.javac.util=ALL-UNNAMED --add-opens=java.base/java.util=ALL-UNNAMED --add-opens=java.prefs/java.util.prefs=ALL-UNNAMED --add-opens=java.base/java.nio.charset=ALL-UNNAMED --add-opens=java.base/java.net=ALL-UNNAMED --add-opens=java.base/java.util.concurrent.atomic=ALL-UNNAMED --add-opens=java.xml/javax.xml.namespace=ALL-UNNAMED -XX:MaxMetaspaceSize=4G -XX:ReservedCodeCacheSize=512m -XX:+HeapDumpOnOutOfMemoryError -Xmx8G -Dfile.encoding=windows-1252 -Duser.country=US -Duser.language=en -Duser.variant -javaagent:C:\Users\moham\.gradle\wrapper\dists\gradle-8.12-all\ejduaidbjup3bmmkhw3rie4zb\gradle-8.12\lib\agents\gradle-instrumentation-agent-8.12.jar 
java_command: org.gradle.launcher.daemon.bootstrap.GradleDaemon 8.12
java_class_path (initial): C:\Users\moham\.gradle\wrapper\dists\gradle-8.12-all\ejduaidbjup3bmmkhw3rie4zb\gradle-8.12\lib\gradle-daemon-main-8.12.jar
Launcher Type: SUN_STANDARD

[Global flags]
     intx CICompilerCount                          = 4                                         {product} {ergonomic}
     uint ConcGCThreads                            = 2                                         {product} {ergonomic}
     uint G1ConcRefinementThreads                  = 8                                         {product} {ergonomic}
   size_t G1HeapRegionSize                         = 4194304                                   {product} {ergonomic}
    uintx GCDrainStackTargetSize                   = 64                                        {product} {ergonomic}
     bool HeapDumpOnOutOfMemoryError               = true                                   {manageable} {command line}
   size_t InitialHeapSize                          = 268435456                                 {product} {ergonomic}
   size_t MarkStackSize                            = 4194304                                   {product} {ergonomic}
   size_t MaxHeapSize                              = 8589934592                                {product} {command line}
   size_t MaxMetaspaceSize                         = 4294967296                                {product} {command line}
   size_t MaxNewSize                               = 5150605312                                {product} {ergonomic}
   size_t MinHeapDeltaBytes                        = 4194304                                   {product} {ergonomic}
   size_t MinHeapSize                              = 8388608                                   {product} {ergonomic}
    uintx NonNMethodCodeHeapSize                   = 5839372                                {pd product} {ergonomic}
    uintx NonProfiledCodeHeapSize                  = 265515770                              {pd product} {ergonomic}
    uintx ProfiledCodeHeapSize                     = 265515770                              {pd product} {ergonomic}
    uintx ReservedCodeCacheSize                    = 536870912                              {pd product} {command line}
     bool SegmentedCodeCache                       = true                                      {product} {ergonomic}
   size_t SoftMaxHeapSize                          = 8589934592                             {manageable} {ergonomic}
   double SweeperThreshold                         = 0.234375                                  {product} {ergonomic}
     bool UseCompressedClassPointers               = true                           {product lp64_product} {ergonomic}
     bool UseCompressedOops                        = true                           {product lp64_product} {ergonomic}
     bool UseG1GC                                  = true                                      {product} {ergonomic}
     bool UseLargePagesIndividualAllocation        = false                                  {pd product} {ergonomic}

Logging:
Log output configuration:
 #0: stdout all=warning uptime,level,tags
 #1: stderr all=off uptime,level,tags

Environment Variables:
JAVA_HOME=C:\Program Files\Android\Android Studio\jbr
CLASSPATH=E:\platform_new\application\evee\android\\gradle\wrapper\gradle-wrapper.jar
PATH=C:\Program Files\Android\Android Studio\jbr\bin;C:\Program Files\Eclipse Adoptium\jdk-21.0.7.6-hotspot\bin;C:\Python312\Scripts\;C:\Python312\;C:\WINDOWS\system32;C:\WINDOWS;C:\WINDOWS\System32\Wbem;C:\WINDOWS\System32\WindowsPowerShell\v1.0\;C:\WINDOWS\System32\OpenSSH\;C:\ProgramData\chocolatey\bin;C:\Program Files\nodejs\;C:\Program Files\Git\cmd;C:\Gradle\gradle-8.8-bin\gradle-8.8\bin;C:\Program Files\PuTTY\;C:\Program Files\dotnet\;C:\poppler\poppler-24.08.0\Library\bin;C:\Program Files\Tesseract-OCR;C:\Program Files\Java\jdk-17\bin;C:\tools\opencv\build\x64\vc16\bin;C:\Users\moham\AppData\Roaming\npm;C:\Program Files (x86)\dotnet\;C:\Program Files\7-Zip\;C:\MAMP\bin\php\php8.2.14;C:\ProgramData\ComposerSetup\bin;C:\MinGW\bin;C:\msys64\ucrt64\bin;C:\msys64\usr\bin;c:\Users\moham\AppData\Local\Programs\cursor\resources\app\bin;E:\flutter\bin;C:\Program Files\Common Files\Oracle\Java\javapath;C:\Python312\Scripts\;C:\Python312\;C:\WINDOWS\system32;C:\WINDOWS;C:\WINDOWS\System32\Wbem;C:\WINDOWS\System32\WindowsPowerShell\v1.0\;C:\WINDOWS\System32\OpenSSH\;C:\ProgramData\chocolatey\bin;C:\Program Files\nodejs\;C:\Program Files\Git\cmd;C:\Gradle\gradle-8.8-bin\gradle-8.8\bin;C:\Program Files\PuTTY\;C:\Program Files\dotnet\;C:\poppler\poppler-24.08.0\Library\bin;C:\Program Files\Tesseract-OCR;C:\Program Files\Java\jdk-17\bin;C:\Users\moham\AppData\Local\Microsoft\WindowsApps;C:\Users\moham\AppData\Local\Programs\Microsoft VS Code\bin;C:\Users\moham\AppData\Roaming\npm;C:\Users\moham\AppData\Local\Android\Sdk\platform-tools;C:\tools\opencv\build\x64\vc15\bin;C:\tools\opencv\build\x64\vc15\bin;C:\tools\opencv\build\x64\vc16\bin;C:\Users\moham\AppData\Roaming\Composer\vendor\bin;C:\MinGW\bin;;C:\Program Files\JetBrains\IntelliJ IDEA 2025.1.3\bin;;E:\flutter\bin\mingit\cmd;E:\flutter\bin\mingit\cmd
USERNAME=moham
OS=Windows_NT
PROCESSOR_IDENTIFIER=Intel64 Family 6 Model 94 Stepping 3, GenuineIntel
TMP=C:\Users\moham\AppData\Local\Temp
TEMP=C:\Users\moham\AppData\Local\Temp


JNI global refs:
JNI global refs: 31, weak refs: 0

JNI global refs memory usage: 843, weak refs: 841


---------------  S Y S T E M  ---------------

OS:
 Windows 11 , 64 bit Build 22621 (10.0.22621.3958)
OS uptime: 1 days 5:24 hours
Hyper-V role detected

CPU: total 8 (initial active 8) (4 cores per cpu, 2 threads per core) family 6 model 94 stepping 3 microcode 0xd6, cx8, cmov, fxsr, ht, mmx, 3dnowpref, sse, sse2, sse3, ssse3, sse4.1, sse4.2, popcnt, lzcnt, tsc, tscinvbit, avx, avx2, aes, erms, clmul, bmi1, bmi2, rtm, adx, fma, vzeroupper, clflush, clflushopt, hv

Memory: 4k page, system-wide physical 16263M (937M free)
TotalPageFile size 31421M (AvailPageFile size 17M)
current process WorkingSet (physical memory assigned to process): 2457M, peak: 3573M
current process commit charge ("private bytes"): 5479M, peak: 5487M

vm_info: OpenJDK 64-Bit Server VM (17.0.6+0-b2043.56-10027231) for windows-amd64 JRE (17.0.6+0-b2043.56-10027231), built on Apr 28 2023 00:43:19 by "androidbuild" with MS VC++ 16.10 / 16.11 (VS2019)

END.
